-0.3686,0.0355,-0.0510,0.0044,-0.0051,0.0003,-0.0005
-0.2628,0.0031,-0.0910,-0.0057,-0.0102,-0.0007,-0.0008
-0.3570,-0.0170,-0.0558,0.0013,-0.0054,0.0002,-0.0005
-0.3894,0.0240,-0.0442,0.0012,-0.0036,0.0001,-0.0002
-0.2957,-0.0002,-0.0795,0.0028,-0.0079,0.0003,-0.0007
-0.3450,0.0022,-0.0645,0.0015,-0.0035,0.0001,-0.0001
-0.4117,-0.0375,-0.0365,-0.0022,-0.0021,-0.0001,-0.0000
-0.3820,-0.0056,-0.0489,-0.0006,-0.0028,-0.0000,-0.0001
-0.2652,-0.0016,-0.0920,0.0059,-0.0092,0.0007,-0.0004
-0.3540,-0.0127,-0.0603,-0.0023,-0.0035,-0.0001,-0.0001
-0.3619,0.0216,-0.0550,0.0016,-0.0047,0.0001,-0.0003
-0.3634,-0.0088,-0.0552,-0.0011,-0.0041,-0.0001,-0.0002
-0.3729,-0.0202,-0.0522,-0.0050,-0.0033,-0.0003,-0.0001
-0.2680,-0.0011,-0.0887,-0.0031,-0.0102,-0.0002,-0.0008
-0.2544,0.0003,-0.0955,-0.0006,-0.0100,-0.0002,-0.0005
-0.3612,0.0059,-0.0549,-0.0041,-0.0049,-0.0004,-0.0004
-0.3665,-0.0025,-0.0520,0.0021,-0.0052,0.0002,-0.0005
-0.3663,-0.0141,-0.0559,-0.0030,-0.0028,-0.0001,-0.0000
-0.3072,0.0005,-0.0747,-0.0003,-0.0077,0.0001,-0.0007
-0.2752,0.0006,-0.0894,-0.0027,-0.0078,-0.0003,-0.0003
-0.2705,-0.0060,-0.0855,-0.0075,-0.0115,-0.0009,-0.0010
-0.3413,0.0152,-0.0637,0.0061,-0.0051,0.0005,-0.0002
-0.3059,0.0054,-0.0768,0.0011,-0.0069,0.0000,-0.0004
-0.3989,-0.0041,-0.0381,0.0042,-0.0047,0.0003,-0.0005
-0.3023,-0.0057,-0.0772,-0.0076,-0.0077,-0.0009,-0.0005
-0.3597,-0.0290,-0.0541,-0.0057,-0.0057,-0.0007,-0.0005
-0.2829,0.0027,-0.0842,0.0089,-0.0089,0.0011,-0.0006
-0.2802,0.0025,-0.0846,-0.0047,-0.0093,-0.0009,-0.0007
-0.3292,0.0077,-0.0687,-0.0008,-0.0054,-0.0001,-0.0003
-0.2558,0.0045,-0.0946,-0.0088,-0.0101,-0.0013,-0.0006
-0.2780,0.0027,-0.0861,0.0031,-0.0091,0.0002,-0.0006
-0.3536,0.0261,-0.0587,0.0071,-0.0047,0.0005,-0.0003
-0.2636,-0.0006,-0.0892,-0.0053,-0.0111,-0.0008,-0.0009
-0.3706,0.0156,-0.0518,0.0031,-0.0042,0.0002,-0.0002
-0.2685,-0.0004,-0.0877,0.0044,-0.0105,0.0001,-0.0009
-0.4205,0.0046,-0.0337,0.0002,-0.0013,0.0000,0.0000
-0.3014,0.0014,-0.0794,-0.0021,-0.0066,-0.0002,-0.0003
-0.3058,-0.0017,-0.0791,-0.0040,-0.0055,-0.0003,-0.0002
-0.2808,-0.0031,-0.0851,0.0003,-0.0089,0.0003,-0.0006
-0.4046,-0.0210,-0.0369,-0.0026,-0.0039,-0.0002,-0.0003
-0.3262,0.0064,-0.0678,0.0100,-0.0067,0.0011,-0.0005
-0.4102,-0.0354,-0.0372,-0.0035,-0.0021,-0.0001,-0.0000
-0.3859,0.0276,-0.0434,0.0028,-0.0050,0.0004,-0.0005
-0.3784,0.0317,-0.0480,0.0058,-0.0043,0.0005,-0.0004
-0.4088,-0.0740,-0.0380,-0.0059,-0.0020,-0.0002,-0.0000
-0.2656,0.0022,-0.0912,-0.0067,-0.0094,-0.0010,-0.0006
-0.3169,0.0017,-0.0709,-0.0019,-0.0072,-0.0003,-0.0007
-0.3883,-0.0401,-0.0460,-0.0040,-0.0028,-0.0002,-0.0001
-0.2594,0.0013,-0.0921,-0.0068,-0.0107,-0.0009,-0.0006
-0.3323,-0.0003,-0.0653,-0.0061,-0.0065,-0.0008,-0.0006
-0.2790,0.0002,-0.0861,0.0070,-0.0088,0.0010,-0.0005
-0.3716,0.0308,-0.0514,0.0062,-0.0042,0.0004,-0.0002
-0.3438,-0.0097,-0.0624,-0.0018,-0.0051,-0.0001,-0.0003
-0.2799,-0.0013,-0.0860,0.0000,-0.0086,0.0000,-0.0005
-0.3514,-0.0296,-0.0584,-0.0055,-0.0054,-0.0005,-0.0004
-0.4111,0.0024,-0.0371,-0.0002,-0.0018,0.0000,-0.0000
-0.3212,-0.0047,-0.0686,-0.0084,-0.0074,-0.0009,-0.0008
-0.2955,-0.0028,-0.0792,0.0028,-0.0082,0.0005,-0.0007
-0.4110,-0.0699,-0.0372,-0.0057,-0.0019,-0.0002,-0.0000
-0.3836,-0.0483,-0.0470,-0.0057,-0.0035,-0.0004,-0.0002
-0.3696,-0.0024,-0.0542,-0.0015,-0.0029,-0.0001,-0.0001
-0.3517,-0.0210,-0.0582,-0.0056,-0.0055,-0.0005,-0.0004
-0.3789,0.0678,-0.0482,0.0065,-0.0041,0.0005,-0.0003
-0.3002,0.0053,-0.0778,0.0088,-0.0079,0.0010,-0.0006
-0.4105,0.0923,-0.0326,0.0032,-0.0048,0.0006,-0.0006
-0.3358,0.0063,-0.0641,-0.0013,-0.0062,-0.0003,-0.0006
-0.3138,-0.0065,-0.0747,-0.0063,-0.0060,-0.0006,-0.0003
-0.2866,0.0062,-0.0822,0.0063,-0.0091,0.0007,-0.0006
-0.2726,-0.0027,-0.0867,-0.0022,-0.0101,0.0000,-0.0008
-0.3490,0.0042,-0.0582,0.0032,-0.0062,0.0002,-0.0006
-0.2673,-0.0018,-0.0897,-0.0043,-0.0099,-0.0005,-0.0006
-0.3377,0.0009,-0.0653,0.0004,-0.0051,0.0000,-0.0003
-0.3630,0.0104,-0.0574,0.0023,-0.0028,0.0001,-0.0000
-0.3407,-0.0080,-0.0633,0.0015,-0.0054,0.0002,-0.0004
-0.3121,0.0082,-0.0731,0.0095,-0.0074,0.0011,-0.0006
-0.3032,-0.0010,-0.0771,0.0043,-0.0074,0.0005,-0.0006
-0.2459,-0.0013,-0.0964,0.0022,-0.0116,0.0004,-0.0009
-0.4021,0.0426,-0.0405,0.0040,-0.0023,0.0002,-0.0000
-0.3066,-0.0041,-0.0752,-0.0084,-0.0077,-0.0009,-0.0006
-0.3541,-0.0456,-0.0568,-0.0062,-0.0057,-0.0005,-0.0005
-0.2620,-0.0038,-0.0904,0.0094,-0.0109,0.0013,-0.0008
-0.3487,0.0079,-0.0631,0.0026,-0.0033,0.0001,-0.0001
-0.2676,-0.0010,-0.0888,0.0032,-0.0101,0.0005,-0.0009
-0.2568,0.0034,-0.0930,-0.0083,-0.0109,-0.0012,-0.0007
-0.3563,-0.0084,-0.0560,-0.0051,-0.0054,-0.0005,-0.0005
-0.3710,-0.0321,-0.0514,-0.0075,-0.0043,-0.0005,-0.0003
-0.2866,0.0028,-0.0843,0.0049,-0.0078,0.0005,-0.0004
-0.4033,-0.0219,-0.0362,-0.0051,-0.0046,-0.0004,-0.0005
-0.3429,0.0186,-0.0634,0.0079,-0.0048,0.0006,-0.0002
-0.2785,0.0068,-0.0840,0.0075,-0.0102,0.0010,-0.0008
-0.2709,-0.0004,-0.0908,0.0035,-0.0083,0.0004,-0.0003
-0.2939,0.0101,-0.0784,0.0054,-0.0093,0.0004,-0.0008
-0.3167,-0.0054,-0.0740,-0.0056,-0.0056,-0.0005,-0.0002
-0.2654,0.0037,-0.0918,-0.0086,-0.0092,-0.0011,-0.0005
-0.3460,0.0170,-0.0603,0.0038,-0.0058,0.0003,-0.0005
-0.3779,0.0211,-0.0477,0.0008,-0.0045,0.0000,-0.0004
-0.3081,0.0075,-0.0773,0.0048,-0.0060,0.0004,-0.0002
-0.4075,-0.0262,-0.0343,0.0012,-0.0046,0.0000,-0.0005
-0.2838,0.0019,-0.0843,-0.0014,-0.0084,-0.0003,-0.0006
-0.2796,-0.0006,-0.0875,0.0076,-0.0078,0.0008,-0.0003
-0.3699,-0.0143,-0.0542,-0.0019,-0.0028,-0.0001,-0.0000
-0.2633,0.0011,-0.0930,-0.0031,-0.0090,-0.0004,-0.0004
-0.2551,0.0016,-0.0931,-0.0024,-0.0111,-0.0007,-0.0008
-0.3550,-0.0089,-0.0570,-0.0042,-0.0052,-0.0003,-0.0004
-0.2539,-0.0049,-0.0956,0.0081,-0.0101,0.0011,-0.0005
-0.3985,0.0205,-0.0402,0.0030,-0.0036,0.0002,-0.0002
-0.2568,0.0017,-0.0935,-0.0060,-0.0105,-0.0009,-0.0006
-0.2755,-0.0009,-0.0861,-0.0031,-0.0096,-0.0005,-0.0008
-0.2884,0.0010,-0.0844,0.0066,-0.0072,0.0007,-0.0003
-0.3442,0.0207,-0.0610,0.0056,-0.0058,0.0006,-0.0005
-0.3150,-0.0105,-0.0736,-0.0083,-0.0064,-0.0008,-0.0003
-0.3770,-0.0311,-0.0495,-0.0038,-0.0038,-0.0003,-0.0002
-0.3207,-0.0240,-0.0689,-0.0045,-0.0077,-0.0003,-0.0006
-0.4035,-0.0631,-0.0391,-0.0054,-0.0028,-0.0003,-0.0001
-0.2720,0.0002,-0.0875,-0.0059,-0.0098,-0.0008,-0.0008
-0.2587,0.0026,-0.0919,-0.0076,-0.0110,-0.0011,-0.0008
-0.4011,0.0522,-0.0397,0.0041,-0.0031,0.0003,-0.0002
-0.3957,-0.0395,-0.0425,-0.0047,-0.0029,-0.0003,-0.0001
-0.2643,0.0026,-0.0905,-0.0050,-0.0100,-0.0010,-0.0008
-0.3859,-0.0246,-0.0435,0.0020,-0.0048,0.0002,-0.0005
-0.2619,-0.0008,-0.0904,-0.0067,-0.0110,-0.0010,-0.0008
-0.3115,-0.0001,-0.0737,0.0055,-0.0071,0.0006,-0.0006
-0.3421,-0.0256,-0.0612,-0.0063,-0.0062,-0.0006,-0.0006
-0.3775,-0.0189,-0.0501,-0.0050,-0.0033,-0.0003,-0.0001
-0.3704,0.0087,-0.0507,0.0025,-0.0048,0.0002,-0.0005
-0.2504,0.0033,-0.0976,-0.0049,-0.0099,-0.0007,-0.0005
-0.3905,-0.0202,-0.0428,0.0005,-0.0042,-0.0000,-0.0003
-0.4065,-0.0319,-0.0383,-0.0022,-0.0025,-0.0001,-0.0001
-0.2907,0.0004,-0.0819,0.0068,-0.0081,0.0007,-0.0005
-0.3760,0.0543,-0.0490,0.0025,-0.0044,0.0002,-0.0003
-0.2944,0.0038,-0.0795,0.0037,-0.0084,0.0002,-0.0007
-0.3755,-0.0535,-0.0490,-0.0062,-0.0045,-0.0005,-0.0004
-0.3608,-0.0299,-0.0545,-0.0012,-0.0051,-0.0000,-0.0005
-0.3362,-0.0153,-0.0647,-0.0031,-0.0058,-0.0003,-0.0004
-0.2947,0.0004,-0.0787,0.0102,-0.0087,0.0013,-0.0008
-0.3978,0.0365,-0.0407,0.0017,-0.0035,0.0002,-0.0002
-0.2499,0.0026,-0.0940,-0.0062,-0.0119,-0.0013,-0.0010
-0.2905,-0.0000,-0.0823,0.0027,-0.0078,0.0003,-0.0005
-0.2777,0.0014,-0.0879,-0.0075,-0.0081,-0.0009,-0.0004
-0.3265,0.0023,-0.0707,0.0021,-0.0049,0.0002,-0.0002
-0.2673,0.0001,-0.0910,-0.0037,-0.0091,-0.0005,-0.0005
-0.3506,0.0158,-0.0600,0.0014,-0.0047,0.0001,-0.0003
-0.4116,0.0110,-0.0324,0.0031,-0.0047,0.0002,-0.0005
-0.3589,-0.0311,-0.0573,-0.0028,-0.0041,-0.0002,-0.0002
-0.3862,0.0119,-0.0452,0.0033,-0.0039,0.0002,-0.0003
-0.2637,0.0016,-0.0892,0.0064,-0.0112,0.0008,-0.0009
-0.2888,0.0015,-0.0811,0.0056,-0.0089,0.0009,-0.0008
-0.2595,-0.0017,-0.0954,0.0029,-0.0086,0.0003,-0.0003
-0.3752,-0.0390,-0.0493,-0.0027,-0.0044,-0.0003,-0.0003
-0.3842,0.0554,-0.0469,0.0060,-0.0034,0.0004,-0.0002
-0.3824,-0.0181,-0.0449,-0.0061,-0.0051,-0.0005,-0.0005
-0.3454,-0.0069,-0.0611,-0.0066,-0.0055,-0.0006,-0.0004
-0.2555,0.0010,-0.0968,-0.0016,-0.0089,-0.0002,-0.0003
-0.2948,-0.0011,-0.0797,-0.0004,-0.0081,-0.0001,-0.0006
-0.3664,0.0514,-0.0521,0.0071,-0.0051,0.0006,-0.0005
-0.2661,0.0024,-0.0899,-0.0076,-0.0101,-0.0009,-0.0007
-0.4146,-0.0766,-0.0325,-0.0035,-0.0038,-0.0004,-0.0003
-0.4019,-0.0207,-0.0398,-0.0021,-0.0029,-0.0001,-0.0001
-0.3458,0.0268,-0.0611,0.0062,-0.0054,0.0005,-0.0004
-0.3568,0.0062,-0.0572,0.0052,-0.0047,0.0004,-0.0003
-0.2692,0.0011,-0.0871,0.0078,-0.0108,0.0014,-0.0009
-0.3777,-0.0355,-0.0501,-0.0051,-0.0032,-0.0003,-0.0001
-0.3888,0.0353,-0.0444,0.0026,-0.0037,0.0002,-0.0002
-0.2517,0.0050,-0.0946,-0.0072,-0.0112,-0.0010,-0.0008
-0.2479,-0.0038,-0.0986,0.0048,-0.0099,0.0007,-0.0004
-0.2556,-0.0012,-0.0964,0.0021,-0.0091,0.0003,-0.0004
-0.2510,-0.0017,-0.0941,0.0049,-0.0117,0.0007,-0.0009
-0.2845,0.0002,-0.0839,-0.0071,-0.0086,-0.0007,-0.0006
-0.3346,0.0161,-0.0661,0.0079,-0.0055,0.0006,-0.0003
-0.2942,0.0003,-0.0793,0.0078,-0.0085,0.0008,-0.0008
-0.2614,-0.0001,-0.0907,-0.0075,-0.0109,-0.0012,-0.0008
-0.3345,-0.0134,-0.0668,-0.0016,-0.0051,-0.0001,-0.0003
-0.3691,0.0351,-0.0509,0.0046,-0.0051,0.0004,-0.0004
-0.4047,0.0504,-0.0356,0.0016,-0.0046,0.0003,-0.0005
-0.3660,-0.0078,-0.0559,-0.0023,-0.0029,-0.0001,-0.0000
-0.2973,-0.0004,-0.0792,-0.0032,-0.0078,-0.0003,-0.0006
-0.3553,0.0240,-0.0556,0.0090,-0.0059,0.0009,-0.0006
-0.2754,-0.0031,-0.0860,0.0014,-0.0098,0.0005,-0.0008
-0.3584,0.0120,-0.0590,0.0047,-0.0031,0.0002,-0.0001
-0.3193,0.0083,-0.0714,0.0017,-0.0065,0.0001,-0.0004
-0.3540,-0.0040,-0.0598,-0.0012,-0.0039,-0.0001,-0.0002
-0.2543,-0.0065,-0.0954,0.0095,-0.0101,0.0013,-0.0005
-0.2652,-0.0031,-0.0920,0.0078,-0.0091,0.0010,-0.0004
-0.3489,0.0232,-0.0589,0.0089,-0.0058,0.0008,-0.0005
-0.2788,0.0073,-0.0840,0.0054,-0.0102,0.0005,-0.0007
-0.3518,-0.0224,-0.0574,0.0013,-0.0059,0.0002,-0.0005
-0.3282,-0.0083,-0.0674,-0.0003,-0.0064,0.0001,-0.0005
-0.3779,-0.0166,-0.0490,-0.0032,-0.0038,-0.0002,-0.0002
-0.3043,-0.0076,-0.0754,-0.0030,-0.0080,-0.0004,-0.0007
-0.3914,-0.0244,-0.0435,-0.0036,-0.0035,-0.0002,-0.0002
-0.3559,0.0124,-0.0554,0.0099,-0.0060,0.0010,-0.0006
-0.2611,0.0014,-0.0889,0.0071,-0.0119,0.0008,-0.0011
-0.3690,0.0513,-0.0516,0.0041,-0.0047,0.0004,-0.0004
-0.2474,0.0058,-0.0953,-0.0083,-0.0118,-0.0014,-0.0011
-0.3670,-0.0050,-0.0519,0.0045,-0.0051,0.0004,-0.0005
-0.3278,-0.0138,-0.0682,-0.0093,-0.0061,-0.0008,-0.0004
-0.3324,0.0186,-0.0673,0.0067,-0.0053,0.0006,-0.0002
-0.3252,-0.0213,-0.0683,-0.0059,-0.0068,-0.0006,-0.0005
-0.3375,0.0010,-0.0641,-0.0002,-0.0058,0.0000,-0.0004
-0.3918,-0.0433,-0.0437,-0.0029,-0.0033,-0.0002,-0.0002
-0.2536,-0.0013,-0.0967,0.0025,-0.0095,0.0003,-0.0004
-0.3544,-0.0171,-0.0587,-0.0076,-0.0045,-0.0005,-0.0002
-0.3591,-0.0496,-0.0536,-0.0041,-0.0062,-0.0004,-0.0006
-0.3719,0.0162,-0.0516,0.0030,-0.0039,0.0002,-0.0002
-0.2680,-0.0048,-0.0887,0.0085,-0.0100,0.0011,-0.0009
-0.4096,-0.0350,-0.0369,-0.0031,-0.0025,-0.0002,-0.0001
-0.3223,0.0291,-0.0681,0.0029,-0.0076,0.0001,-0.0006
-0.3247,-0.0073,-0.0703,0.0000,-0.0056,0.0000,-0.0003
-0.2995,-0.0004,-0.0802,-0.0011,-0.0066,-0.0001,-0.0003
-0.2926,-0.0032,-0.0802,0.0025,-0.0084,0.0006,-0.0008
-0.3877,-0.0262,-0.0461,-0.0043,-0.0029,-0.0002,-0.0001
-0.3514,-0.0128,-0.0579,-0.0055,-0.0057,-0.0005,-0.0005
-0.2468,-0.0001,-0.0983,0.0004,-0.0104,0.0001,-0.0005
-0.3822,0.0209,-0.0472,0.0022,-0.0037,0.0002,-0.0002
-0.3304,-0.0151,-0.0657,-0.0015,-0.0068,-0.0002,-0.0006
-0.3359,0.0196,-0.0628,0.0062,-0.0070,0.0005,-0.0006
-0.3538,0.0310,-0.0581,0.0057,-0.0050,0.0005,-0.0003
-0.2812,-0.0040,-0.0845,-0.0053,-0.0092,-0.0005,-0.0006
-0.3558,0.0023,-0.0597,0.0020,-0.0034,0.0001,-0.0001
-0.2924,-0.0031,-0.0793,-0.0087,-0.0091,-0.0009,-0.0007
-0.2661,-0.0013,-0.0889,-0.0045,-0.0106,-0.0006,-0.0008
-0.3443,0.0094,-0.0616,0.0014,-0.0055,0.0001,-0.0004
-0.3624,-0.0163,-0.0548,-0.0059,-0.0046,-0.0004,-0.0003
-0.3447,-0.0062,-0.0607,-0.0021,-0.0058,-0.0003,-0.0005
-0.3825,-0.0252,-0.0491,-0.0042,-0.0025,-0.0002,-0.0000
-0.3901,-0.0559,-0.0441,-0.0083,-0.0035,-0.0005,-0.0002
-0.3041,0.0061,-0.0777,0.0062,-0.0069,0.0006,-0.0003
-0.3718,-0.0472,-0.0508,-0.0028,-0.0045,-0.0003,-0.0003
-0.3645,-0.0327,-0.0543,-0.0055,-0.0044,-0.0004,-0.0003
-0.3120,0.0097,-0.0736,0.0054,-0.0072,0.0006,-0.0005
-0.4069,-0.0142,-0.0374,-0.0021,-0.0029,-0.0001,-0.0001
-0.3756,-0.0032,-0.0517,-0.0007,-0.0028,-0.0000,-0.0001
-0.3880,0.0767,-0.0430,0.0034,-0.0047,0.0005,-0.0004
-0.3103,-0.0044,-0.0757,-0.0034,-0.0064,-0.0003,-0.0003
-0.3162,-0.0074,-0.0717,-0.0060,-0.0071,-0.0005,-0.0005
-0.3840,0.0567,-0.0454,0.0021,-0.0043,0.0002,-0.0004
-0.2870,0.0025,-0.0823,-0.0004,-0.0087,-0.0003,-0.0007
-0.2440,-0.0017,-0.0974,0.0026,-0.0114,0.0006,-0.0010
-0.2588,-0.0002,-0.0935,-0.0013,-0.0100,-0.0001,-0.0005
-0.3909,-0.0264,-0.0439,-0.0020,-0.0034,-0.0002,-0.0002
-0.3115,-0.0006,-0.0738,-0.0007,-0.0070,-0.0001,-0.0006
-0.2582,-0.0020,-0.0923,0.0066,-0.0109,0.0009,-0.0007
-0.2899,-0.0005,-0.0836,0.0012,-0.0073,0.0001,-0.0004
-0.3070,0.0025,-0.0786,0.0031,-0.0055,0.0003,-0.0002
-0.2516,0.0024,-0.0976,-0.0036,-0.0095,-0.0005,-0.0004
-0.3088,-0.0119,-0.0745,-0.0077,-0.0075,-0.0008,-0.0005
-0.2472,0.0011,-0.0981,-0.0020,-0.0104,-0.0004,-0.0006
-0.3422,0.0370,-0.0606,0.0063,-0.0065,0.0006,-0.0006
-0.2571,-0.0025,-0.0932,0.0064,-0.0106,0.0011,-0.0007
-0.3177,0.0012,-0.0733,-0.0018,-0.0057,-0.0002,-0.0003
-0.3195,0.0039,-0.0704,0.0024,-0.0069,0.0002,-0.0006
-0.2902,-0.0006,-0.0841,-0.0049,-0.0069,-0.0005,-0.0003
-0.3537,0.0131,-0.0569,0.0006,-0.0057,-0.0000,-0.0005
-0.4198,-0.0077,-0.0329,-0.0015,-0.0021,-0.0001,-0.0000
-0.3004,0.0043,-0.0775,-0.0043,-0.0080,-0.0007,-0.0006
-0.3836,0.0238,-0.0487,0.0036,-0.0024,0.0002,-0.0000
-0.3163,-0.0069,-0.0724,0.0018,-0.0067,0.0003,-0.0004
-0.3752,-0.0203,-0.0490,-0.0041,-0.0046,-0.0003,-0.0004
-0.2950,0.0011,-0.0828,0.0029,-0.0063,0.0003,-0.0002
-0.2691,-0.0000,-0.0900,0.0035,-0.0092,0.0004,-0.0005
-0.3202,0.0042,-0.0735,0.0020,-0.0049,0.0001,-0.0002
-0.3520,-0.0198,-0.0609,-0.0075,-0.0038,-0.0005,-0.0001
-0.4010,-0.0831,-0.0381,-0.0044,-0.0041,-0.0005,-0.0003
-0.4058,0.0585,-0.0393,0.0038,-0.0020,0.0002,-0.0000
-0.3295,-0.0046,-0.0661,0.0020,-0.0067,0.0002,-0.0006
-0.3629,-0.0112,-0.0569,-0.0042,-0.0031,-0.0002,-0.0001
-0.3790,-0.0566,-0.0478,-0.0036,-0.0043,-0.0003,-0.0003
-0.2533,-0.0033,-0.0945,0.0059,-0.0108,0.0010,-0.0008
-0.3523,0.0139,-0.0589,0.0073,-0.0049,0.0006,-0.0003
-0.3376,-0.0098,-0.0668,-0.0056,-0.0041,-0.0004,-0.0001
-0.3875,0.0145,-0.0451,0.0056,-0.0036,0.0004,-0.0002
-0.2844,0.0019,-0.0830,0.0087,-0.0092,0.0011,-0.0006
-0.3704,0.0069,-0.0533,0.0001,-0.0033,0.0000,-0.0001
-0.3156,0.0109,-0.0735,0.0069,-0.0063,0.0006,-0.0003
-0.4007,0.0288,-0.0415,0.0023,-0.0021,0.0001,-0.0000
-0.3833,-0.0244,-0.0463,-0.0043,-0.0040,-0.0003,-0.0003
-0.3318,-0.0204,-0.0659,-0.0087,-0.0064,-0.0008,-0.0005
-0.3672,-0.0140,-0.0555,-0.0030,-0.0028,-0.0001,-0.0000
-0.3232,0.0043,-0.0688,-0.0022,-0.0068,-0.0003,-0.0006
-0.3517,-0.0057,-0.0612,-0.0021,-0.0037,-0.0001,-0.0001
-0.3147,-0.0064,-0.0724,-0.0006,-0.0071,0.0000,-0.0006
-0.3507,-0.0126,-0.0598,-0.0055,-0.0048,-0.0004,-0.0003
-0.3575,0.0098,-0.0556,0.0065,-0.0055,0.0005,-0.0005
-0.3322,0.0088,-0.0645,0.0111,-0.0070,0.0013,-0.0007
-0.2663,0.0032,-0.0910,-0.0085,-0.0094,-0.0011,-0.0005
-0.3115,-0.0131,-0.0726,-0.0041,-0.0078,-0.0003,-0.0007
-0.3554,-0.0630,-0.0559,-0.0057,-0.0058,-0.0006,-0.0006
-0.4076,0.0149,-0.0349,0.0040,-0.0043,0.0003,-0.0004
-0.2467,0.0025,-0.0967,-0.0040,-0.0113,-0.0007,-0.0008
-0.3101,0.0041,-0.0752,0.0066,-0.0068,0.0007,-0.0004
-0.3565,0.0076,-0.0587,0.0032,-0.0039,0.0002,-0.0001
-0.3410,0.0029,-0.0638,0.0008,-0.0051,0.0000,-0.0003
-0.3144,0.0123,-0.0740,0.0068,-0.0063,0.0006,-0.0003
-0.2712,0.0032,-0.0860,-0.0093,-0.0109,-0.0009,-0.0010
-0.3371,0.0103,-0.0651,0.0021,-0.0054,0.0002,-0.0003
-0.3418,0.0024,-0.0629,0.0047,-0.0054,0.0004,-0.0004
-0.2942,0.0017,-0.0793,0.0103,-0.0085,0.0014,-0.0007
-0.3152,-0.0037,-0.0757,-0.0038,-0.0050,-0.0003,-0.0001
-0.3540,-0.0462,-0.0555,-0.0038,-0.0064,-0.0004,-0.0006
-0.3811,0.0579,-0.0456,0.0034,-0.0049,0.0004,-0.0006
-0.3956,0.0486,-0.0405,0.0005,-0.0041,0.0002,-0.0003
-0.2977,0.0041,-0.0790,0.0066,-0.0078,0.0007,-0.0005
-0.4069,0.0269,-0.0385,0.0013,-0.0022,0.0001,-0.0000
-0.3377,0.0100,-0.0651,0.0019,-0.0052,0.0002,-0.0003
-0.2541,0.0043,-0.0930,-0.0088,-0.0113,-0.0016,-0.0010
-0.3596,-0.0456,-0.0547,-0.0036,-0.0054,-0.0004,-0.0004
-0.4099,-0.0274,-0.0361,-0.0032,-0.0029,-0.0002,-0.0001
-0.3816,-0.0316,-0.0480,-0.0044,-0.0035,-0.0003,-0.0002
-0.2701,0.0015,-0.0885,-0.0041,-0.0096,-0.0005,-0.0008
-0.3889,-0.0549,-0.0434,-0.0021,-0.0043,-0.0003,-0.0003
-0.3556,-0.0106,-0.0561,-0.0062,-0.0057,-0.0005,-0.0005
-0.3755,0.0376,-0.0482,0.0034,-0.0050,0.0004,-0.0004
-0.3356,0.0084,-0.0672,0.0060,-0.0045,0.0004,-0.0002
-0.2554,-0.0051,-0.0955,0.0076,-0.0097,0.0010,-0.0005
-0.4128,-0.0179,-0.0367,-0.0017,-0.0016,-0.0001,0.0000
-0.3636,-0.0145,-0.0548,-0.0064,-0.0043,-0.0004,-0.0002
-0.2788,0.0015,-0.0853,-0.0041,-0.0092,-0.0007,-0.0007
-0.3189,-0.0088,-0.0735,-0.0062,-0.0054,-0.0005,-0.0002
-0.2641,0.0001,-0.0913,0.0019,-0.0098,0.0002,-0.0006
-0.3705,0.0368,-0.0520,0.0017,-0.0041,0.0001,-0.0002
-0.3304,-0.0061,-0.0684,-0.0059,-0.0052,-0.0005,-0.0003
-0.2800,0.0033,-0.0838,0.0085,-0.0098,0.0014,-0.0008
-0.3815,-0.0248,-0.0479,-0.0042,-0.0036,-0.0003,-0.0002
-0.3968,-0.0584,-0.0411,-0.0053,-0.0034,-0.0004,-0.0002
-0.3131,0.0014,-0.0745,-0.0007,-0.0063,-0.0001,-0.0003
-0.2740,0.0002,-0.0889,0.0051,-0.0086,0.0006,-0.0004
-0.3334,0.0201,-0.0645,0.0038,-0.0066,0.0003,-0.0006
-0.4093,-0.0401,-0.0372,-0.0034,-0.0024,-0.0002,-0.0001
-0.2863,0.0030,-0.0828,0.0048,-0.0087,0.0005,-0.0006
-0.3355,0.0171,-0.0639,0.0059,-0.0065,0.0005,-0.0005
-0.2682,-0.0038,-0.0909,0.0095,-0.0089,0.0012,-0.0004
-0.3586,0.0313,-0.0553,0.0045,-0.0054,0.0004,-0.0004
-0.3691,0.0401,-0.0524,0.0050,-0.0042,0.0004,-0.0002
-0.3625,-0.0356,-0.0536,-0.0036,-0.0053,-0.0004,-0.0005
-0.3982,-0.0323,-0.0400,-0.0062,-0.0038,-0.0004,-0.0003
-0.3989,-0.0195,-0.0389,-0.0040,-0.0042,-0.0003,-0.0004
-0.2710,-0.0011,-0.0879,-0.0035,-0.0099,-0.0004,-0.0007
-0.3154,-0.0052,-0.0746,-0.0041,-0.0057,-0.0003,-0.0002
-0.3019,0.0030,-0.0779,-0.0025,-0.0073,-0.0004,-0.0005
-0.3948,0.0216,-0.0437,0.0021,-0.0024,0.0001,-0.0000
-0.3214,-0.0072,-0.0699,-0.0097,-0.0068,-0.0009,-0.0005
-0.2526,0.0029,-0.0942,-0.0072,-0.0112,-0.0011,-0.0008
-0.4005,0.0085,-0.0393,-0.0014,-0.0036,-0.0000,-0.0002
-0.2990,-0.0027,-0.0779,0.0042,-0.0081,0.0007,-0.0006
-0.2585,0.0011,-0.0937,-0.0020,-0.0098,-0.0003,-0.0006
-0.3728,-0.0157,-0.0500,0.0039,-0.0047,0.0004,-0.0004
-0.4115,-0.0256,-0.0375,-0.0020,-0.0015,-0.0001,0.0000
-0.2929,-0.0014,-0.0808,-0.0081,-0.0081,-0.0009,-0.0006
-0.3445,-0.0804,-0.0601,-0.0047,-0.0063,-0.0004,-0.0006
-0.3622,-0.0041,-0.0572,-0.0003,-0.0032,-0.0000,-0.0001
-0.3436,0.0125,-0.0608,0.0080,-0.0061,0.0007,-0.0005
-0.3775,0.0217,-0.0513,0.0044,-0.0025,0.0002,-0.0000
-0.2509,0.0034,-0.0958,-0.0069,-0.0108,-0.0011,-0.0006
-0.3565,0.0432,-0.0551,0.0018,-0.0060,0.0001,-0.0006
-0.3166,0.0066,-0.0733,0.0040,-0.0061,0.0004,-0.0003
-0.3269,-0.0073,-0.0671,-0.0009,-0.0068,-0.0001,-0.0007
-0.3543,0.0219,-0.0584,0.0067,-0.0047,0.0005,-0.0002
-0.3290,0.0184,-0.0675,0.0083,-0.0062,0.0008,-0.0004
-0.2803,-0.0004,-0.0873,0.0050,-0.0077,0.0006,-0.0004
-0.4035,0.0547,-0.0385,0.0035,-0.0032,0.0003,-0.0002
-0.2870,-0.0002,-0.0856,0.0011,-0.0069,0.0001,-0.0002
-0.3466,-0.0188,-0.0591,-0.0086,-0.0063,-0.0008,-0.0006
-0.2727,-0.0001,-0.0906,0.0010,-0.0078,0.0001,-0.0003
-0.3807,-0.0387,-0.0476,-0.0054,-0.0039,-0.0004,-0.0003
-0.3935,0.0106,-0.0416,-0.0024,-0.0040,-0.0001,-0.0003
-0.2770,-0.0000,-0.0897,-0.0002,-0.0071,-0.0000,-0.0002
-0.3852,-0.0421,-0.0450,-0.0044,-0.0043,-0.0004,-0.0003
-0.3380,0.0140,-0.0636,0.0100,-0.0060,0.0009,-0.0004
-0.3470,-0.0194,-0.0625,-0.0076,-0.0042,-0.0005,-0.0001
-0.3385,-0.0281,-0.0648,-0.0075,-0.0052,-0.0006,-0.0002
-0.3570,-0.0422,-0.0552,-0.0014,-0.0058,-0.0001,-0.0005
-0.2531,-0.0008,-0.0950,0.0015,-0.0105,0.0004,-0.0008
-0.3580,-0.0019,-0.0576,-0.0029,-0.0041,-0.0002,-0.0002
-0.2670,0.0019,-0.0905,-0.0055,-0.0094,-0.0008,-0.0006
-0.2948,0.0074,-0.0805,0.0085,-0.0079,0.0009,-0.0004
-0.3516,0.0119,-0.0576,-0.0012,-0.0057,-0.0001,-0.0006
-0.4087,0.0242,-0.0380,0.0020,-0.0020,0.0001,-0.0000
-0.2888,-0.0038,-0.0811,-0.0015,-0.0089,0.0002,-0.0008
-0.3908,-0.0507,-0.0450,-0.0073,-0.0027,-0.0004,-0.0001
-0.2547,-0.0026,-0.0940,0.0037,-0.0106,0.0006,-0.0009
-0.2898,0.0054,-0.0792,0.0082,-0.0099,0.0008,-0.0009
-0.2876,0.0005,-0.0845,0.0096,-0.0074,0.0010,-0.0003
-0.3180,-0.0021,-0.0745,-0.0022,-0.0049,-0.0002,-0.0002
-0.3142,0.0050,-0.0720,0.0025,-0.0073,0.0002,-0.0007
-0.3621,-0.0085,-0.0532,-0.0071,-0.0056,-0.0007,-0.0005
-0.4084,0.0033,-0.0351,-0.0011,-0.0039,-0.0001,-0.0003
-0.3809,0.0007,-0.0456,0.0069,-0.0051,0.0007,-0.0005
-0.3947,0.0248,-0.0405,0.0050,-0.0044,0.0004,-0.0004
-0.2514,-0.0065,-0.0940,0.0100,-0.0114,0.0017,-0.0010
-0.3888,-0.0025,-0.0466,0.0009,-0.0022,0.0000,-0.0000
-0.2974,-0.0017,-0.0816,-0.0064,-0.0064,-0.0006,-0.0003
-0.3774,-0.0090,-0.0509,-0.0029,-0.0028,-0.0001,-0.0001
-0.2569,-0.0002,-0.0929,0.0000,-0.0107,0.0002,-0.0008
-0.2593,-0.0021,-0.0928,0.0069,-0.0103,0.0009,-0.0006
-0.2580,0.0008,-0.0944,-0.0020,-0.0097,-0.0003,-0.0005
-0.2765,0.0000,-0.0885,0.0033,-0.0080,0.0003,-0.0004
-0.3053,-0.0014,-0.0758,-0.0052,-0.0077,-0.0007,-0.0006
-0.3727,0.0021,-0.0504,0.0042,-0.0044,0.0004,-0.0003
-0.3843,0.0274,-0.0476,0.0049,-0.0029,0.0003,-0.0001
-0.3957,0.0108,-0.0434,0.0025,-0.0023,0.0001,-0.0000
-0.2658,0.0010,-0.0933,-0.0024,-0.0081,-0.0003,-0.0003
-0.3765,-0.0677,-0.0476,-0.0041,-0.0050,-0.0005,-0.0005
-0.3073,-0.0114,-0.0755,-0.0068,-0.0074,-0.0007,-0.0004
-0.3376,0.0062,-0.0657,0.0004,-0.0048,0.0000,-0.0002
-0.3165,0.0037,-0.0738,0.0035,-0.0058,0.0003,-0.0003
-0.3675,0.0226,-0.0511,0.0011,-0.0054,0.0001,-0.0005
-0.4184,-0.0194,-0.0334,-0.0022,-0.0022,-0.0001,-0.0000
-0.3260,-0.0163,-0.0673,-0.0043,-0.0070,-0.0003,-0.0006
-0.2739,-0.0039,-0.0862,0.0006,-0.0101,0.0005,-0.0008
-0.3061,-0.0049,-0.0744,-0.0059,-0.0081,-0.0005,-0.0008
-0.2658,-0.0012,-0.0882,0.0062,-0.0110,0.0006,-0.0010
-0.2545,0.0023,-0.0942,-0.0075,-0.0108,-0.0012,-0.0007
-0.2894,0.0035,-0.0817,0.0099,-0.0085,0.0012,-0.0006
-0.3839,-0.0204,-0.0434,-0.0083,-0.0055,-0.0009,-0.0006
-0.3869,0.0067,-0.0453,-0.0033,-0.0036,-0.0002,-0.0002
-0.3393,0.0094,-0.0655,0.0051,-0.0045,0.0004,-0.0002
-0.2955,-0.0038,-0.0800,-0.0077,-0.0079,-0.0008,-0.0005
-0.2613,0.0015,-0.0905,-0.0021,-0.0109,-0.0005,-0.0009
-0.3312,-0.0131,-0.0650,-0.0094,-0.0070,-0.0009,-0.0007
-0.3054,0.0014,-0.0753,0.0093,-0.0079,0.0011,-0.0007
-0.2815,0.0104,-0.0823,0.0075,-0.0104,0.0009,-0.0008
-0.3628,0.0408,-0.0530,0.0037,-0.0055,0.0003,-0.0006
-0.3984,0.0512,-0.0405,0.0065,-0.0034,0.0004,-0.0002
-0.3336,-0.0147,-0.0678,-0.0076,-0.0047,-0.0006,-0.0002
-0.3898,-0.0371,-0.0448,-0.0017,-0.0031,-0.0001,-0.0001
-0.3487,-0.0225,-0.0618,-0.0087,-0.0041,-0.0006,-0.0001
-0.3383,-0.0115,-0.0633,0.0034,-0.0060,0.0005,-0.0005
-0.3085,-0.0066,-0.0729,-0.0076,-0.0084,-0.0008,-0.0008
-0.3039,0.0080,-0.0755,0.0007,-0.0081,-0.0001,-0.0007
-0.2643,-0.0001,-0.0907,0.0003,-0.0098,-0.0001,-0.0009
-0.3867,-0.0264,-0.0453,-0.0007,-0.0037,-0.0001,-0.0002
-0.3423,-0.0044,-0.0635,-0.0033,-0.0049,-0.0002,-0.0003
-0.3627,-0.0019,-0.0554,-0.0018,-0.0041,-0.0001,-0.0002
-0.2781,0.0049,-0.0851,-0.0012,-0.0096,-0.0005,-0.0007
-0.3327,0.0143,-0.0653,0.0032,-0.0064,0.0003,-0.0006
-0.3997,0.0764,-0.0377,0.0028,-0.0047,0.0005,-0.0005
-0.3672,-0.0258,-0.0548,-0.0071,-0.0033,-0.0004,-0.0001
-0.2942,-0.0106,-0.0788,-0.0067,-0.0090,-0.0007,-0.0007
-0.3266,-0.0001,-0.0670,-0.0042,-0.0069,-0.0005,-0.0007
-0.2956,-0.0043,-0.0801,0.0001,-0.0078,0.0001,-0.0005
-0.3520,0.0088,-0.0584,0.0019,-0.0052,0.0002,-0.0004
-0.3953,0.0436,-0.0415,0.0055,-0.0037,0.0004,-0.0003
-0.3951,0.0478,-0.0433,0.0034,-0.0025,0.0002,-0.0001
-0.3758,0.0450,-0.0507,0.0062,-0.0034,0.0004,-0.0001
-0.3637,-0.0224,-0.0556,-0.0053,-0.0038,-0.0003,-0.0001
-0.3361,-0.0149,-0.0649,-0.0012,-0.0058,-0.0001,-0.0004
-0.3574,-0.0309,-0.0567,-0.0025,-0.0048,-0.0002,-0.0003
-0.3297,-0.0327,-0.0658,-0.0045,-0.0070,-0.0004,-0.0005
-0.3301,0.0018,-0.0662,0.0057,-0.0065,0.0008,-0.0006
-0.3964,0.0113,-0.0400,0.0045,-0.0042,0.0003,-0.0003
-0.3328,-0.0142,-0.0644,-0.0040,-0.0068,-0.0002,-0.0007
-0.4093,-0.0728,-0.0372,-0.0051,-0.0024,-0.0003,-0.0001
-0.3958,-0.0070,-0.0431,-0.0005,-0.0025,-0.0000,-0.0001
-0.4100,0.0372,-0.0371,0.0032,-0.0022,0.0001,-0.0000
-0.3739,0.0357,-0.0508,0.0072,-0.0039,0.0005,-0.0002
-0.2595,-0.0033,-0.0931,0.0068,-0.0100,0.0010,-0.0006
-0.3006,0.0044,-0.0784,0.0025,-0.0074,0.0002,-0.0005
-0.3136,-0.0036,-0.0722,0.0027,-0.0073,0.0005,-0.0007
-0.3436,0.0016,-0.0632,-0.0017,-0.0047,-0.0001,-0.0002
-0.2913,-0.0018,-0.0833,-0.0013,-0.0070,-0.0001,-0.0003
-0.2978,0.0007,-0.0780,0.0053,-0.0083,0.0006,-0.0007
-0.2749,-0.0046,-0.0855,-0.0032,-0.0103,-0.0004,-0.0008
-0.3623,0.0360,-0.0537,0.0047,-0.0052,0.0005,-0.0005
-0.3574,0.0408,-0.0559,0.0055,-0.0053,0.0005,-0.0004
-0.3269,-0.0052,-0.0707,-0.0019,-0.0048,-0.0001,-0.0002
-0.2593,-0.0025,-0.0923,0.0075,-0.0105,0.0013,-0.0007
-0.3767,0.0254,-0.0512,0.0052,-0.0028,0.0003,-0.0001
-0.3329,0.0208,-0.0643,0.0061,-0.0069,0.0006,-0.0006
-0.2884,0.0053,-0.0809,0.0071,-0.0093,0.0008,-0.0007
-0.3895,0.0472,-0.0453,0.0070,-0.0029,0.0004,-0.0001
-0.3407,-0.0032,-0.0629,0.0018,-0.0057,0.0003,-0.0004
-0.2835,0.0001,-0.0845,0.0030,-0.0084,0.0003,-0.0006
-0.3309,0.0118,-0.0690,0.0083,-0.0047,0.0006,-0.0002
-0.3345,-0.0133,-0.0660,-0.0067,-0.0056,-0.0006,-0.0003
-0.3584,-0.0336,-0.0560,-0.0031,-0.0050,-0.0002,-0.0004
-0.3618,0.0067,-0.0536,0.0025,-0.0054,0.0002,-0.0005
-0.3536,0.0063,-0.0595,-0.0015,-0.0042,-0.0001,-0.0002
-0.3391,0.0121,-0.0633,0.0091,-0.0059,0.0008,-0.0004
-0.3586,0.0378,-0.0556,0.0062,-0.0053,0.0006,-0.0003
-0.3528,-0.0135,-0.0586,-0.0006,-0.0050,-0.0000,-0.0004
-0.2833,0.0019,-0.0844,0.0032,-0.0086,0.0002,-0.0006
-0.4057,0.0275,-0.0389,0.0015,-0.0023,0.0001,-0.0001
-0.3539,0.0133,-0.0577,-0.0004,-0.0052,-0.0000,-0.0004
-0.2863,0.0055,-0.0803,0.0086,-0.0102,0.0012,-0.0009
-0.3643,0.0064,-0.0555,-0.0007,-0.0036,-0.0000,-0.0001
-0.2582,-0.0007,-0.0924,0.0012,-0.0105,0.0003,-0.0009
-0.4129,0.0205,-0.0343,0.0019,-0.0032,0.0001,-0.0002
-0.2914,-0.0084,-0.0805,-0.0061,-0.0088,-0.0007,-0.0006
-0.3792,-0.0039,-0.0459,-0.0037,-0.0052,-0.0004,-0.0006
-0.4040,0.0596,-0.0352,0.0066,-0.0050,0.0006,-0.0005
-0.3246,0.0194,-0.0671,0.0063,-0.0074,0.0007,-0.0008
-0.3140,-0.0077,-0.0721,-0.0095,-0.0075,-0.0010,-0.0006
-0.3539,-0.0241,-0.0563,-0.0030,-0.0059,-0.0002,-0.0006
-0.3979,-0.0309,-0.0383,-0.0073,-0.0048,-0.0006,-0.0005
-0.2874,-0.0006,-0.0833,0.0050,-0.0081,0.0005,-0.0005
-0.3833,-0.0338,-0.0478,-0.0043,-0.0031,-0.0003,-0.0001
-0.2525,-0.0042,-0.0950,0.0083,-0.0108,0.0013,-0.0007
-0.3839,-0.0270,-0.0474,-0.0056,-0.0031,-0.0003,-0.0001
-0.2631,-0.0004,-0.0913,-0.0039,-0.0101,-0.0005,-0.0006
-0.3240,0.0134,-0.0710,0.0075,-0.0054,0.0006,-0.0002
