7.5902,-0.2799,4.6338,3.0000,-4.4350,0.3572,4.8326,1.0569,0.9341,0.9801
7.0565,0.8966,7.9985,3.0000,-9.2392,3.8288,6.7577,1.3585,1.2921,1.2559
1.9594,-0.2746,7.7521,3.0000,-7.1483,-1.5385,8.3560,1.1732,1.4181,1.2441
2.1624,-0.8827,6.6165,3.0000,-4.7191,-1.9706,8.5140,1.1111,1.3647,1.0561
6.0820,0.5327,3.3970,3.0000,-2.7903,-0.3438,4.0036,0.8461,0.9342,0.7576
6.1962,-0.2978,2.0024,3.0000,-1.1799,-1.1196,2.8248,0.6424,0.7028,0.6067
7.5567,-0.6667,3.1675,3.0000,-3.2074,1.9783,3.1276,0.9402,0.7842,0.7193
1.0045,-0.8776,5.1548,3.0000,-7.0950,1.7265,3.2146,0.9132,1.1454,1.0657
4.3649,-0.4023,5.7872,3.0000,-5.5525,-2.0439,6.0219,1.0037,1.1424,1.1712
7.3682,-0.6250,4.6655,3.0000,-4.8429,2.4524,4.4881,1.1351,0.8016,1.0194
7.3804,-0.4949,6.0666,3.0000,-8.1046,2.5392,4.0285,1.0392,1.2840,1.0647
5.4343,0.9508,6.2037,3.0000,-6.8549,-1.7658,5.5525,0.9579,1.2003,1.2614
2.8181,0.8040,5.7103,3.0000,-5.6975,0.2901,5.7231,0.9621,1.3724,0.9089
3.7391,-0.2141,5.3829,3.0000,-6.7328,0.2427,4.0329,0.9818,0.9532,1.2468
1.4132,-0.7016,2.9126,3.0000,-3.5599,2.1345,2.2654,0.8395,0.8510,0.6522
3.0474,-0.7270,3.9042,3.0000,-2.7874,-0.0559,5.0210,0.9992,0.9606,0.7513
1.2718,0.8746,6.3151,3.0000,-7.0601,1.3459,5.5701,1.0949,1.3102,1.0511
2.3138,0.3625,3.2379,3.0000,-4.3217,1.8027,2.1541,0.8047,0.8391,0.8425
7.1366,-0.8266,5.4093,3.0000,-5.1756,2.7677,5.6430,1.2304,1.0305,0.9315
1.2480,0.0423,3.6858,3.0000,-4.0615,2.3702,3.3101,0.9712,0.9303,0.7332
6.2262,-0.2353,7.1312,3.0000,-7.0433,2.1316,7.2192,1.3442,1.1732,1.1647
5.9857,0.6766,4.0205,3.0000,-3.6506,-0.9499,4.3903,0.9975,0.7784,0.9790
6.9872,-0.5918,4.1876,3.0000,-5.6668,1.0730,2.7085,0.8331,0.9278,1.0541
4.3776,0.5670,6.7730,3.0000,-6.3165,-2.1290,7.2295,1.0451,1.3229,1.2123
4.6808,0.2387,4.6037,3.0000,-4.4506,4.4330,4.7569,1.2185,0.9132,0.7823
1.6925,0.0498,4.7727,3.0000,-5.0085,0.9588,4.5370,1.0447,0.9701,1.0030
5.2298,-0.1098,2.1884,3.0000,-1.8577,-0.4382,2.5190,0.7848,0.5246,0.7086
3.4194,-0.0736,6.9460,3.0000,-6.6492,-2.7019,7.2429,1.1674,1.1475,1.3200
3.0539,0.9996,7.5174,3.0000,-5.3384,-0.4339,9.6965,1.2737,1.4741,0.9952
6.3965,0.0419,5.5681,3.0000,-5.9850,2.5440,5.1512,1.1825,1.0154,1.0561
6.7075,0.1773,3.1895,3.0000,-4.0460,1.0633,2.3331,0.8062,0.6823,0.9566
7.7062,-0.9215,5.4414,3.0000,-4.9998,-0.6949,5.8830,1.1087,1.0318,1.0818
6.0274,0.5421,3.4797,3.0000,-3.6065,0.6574,3.3530,0.8583,0.9239,0.7905
6.6919,0.1808,5.8649,3.0000,-8.2463,2.2186,3.4835,0.9465,1.4054,0.9289
4.0575,0.5765,5.3847,3.0000,-7.0325,1.0240,3.7369,0.8853,1.2691,1.0167
4.6213,-0.0741,6.4633,3.0000,-6.7335,2.8938,6.1930,1.2413,1.2988,0.9418
5.4521,0.6896,7.3726,3.0000,-10.6602,2.2238,4.0850,1.0075,1.5035,1.1908
6.9325,-0.3054,6.0647,3.0000,-7.4267,1.2891,4.7027,1.0700,1.1184,1.2104
7.7904,0.6499,3.7951,3.0000,-2.7004,0.0219,4.8898,0.9982,0.9345,0.7391
4.4317,-0.8405,5.8146,3.0000,-5.8050,4.3438,5.8241,1.3103,1.0371,0.9535
7.1757,-0.5351,7.7624,3.0000,-11.5196,3.7416,4.0052,1.1186,1.1822,1.5143
2.4488,0.3225,6.3202,3.0000,-3.1185,-2.4735,9.5218,1.4071,1.0523,0.9675
4.7863,0.2290,4.9032,3.0000,-4.8292,1.2628,4.9771,1.1256,0.9153,1.0083
5.3429,0.2165,3.3588,3.0000,-2.0577,0.3204,4.6600,0.9778,0.9035,0.6050
1.8171,0.5273,4.6003,3.0000,-3.9858,-1.5098,5.2149,1.0970,0.7904,1.0491
7.7180,-0.8297,2.0370,3.0000,-2.5298,0.7472,1.5442,0.6394,0.6503,0.6820
6.4349,-0.5580,5.5609,3.0000,-5.0710,-0.8985,6.0508,1.0583,1.1358,1.0631
2.7921,-0.4114,7.4936,3.0000,-5.5100,-5.1890,9.4772,1.1424,1.3225,1.3101
2.5343,-0.4558,3.3019,3.0000,-3.2884,2.3883,3.3154,0.9864,0.7655,0.7369
3.6344,0.9392,6.5479,3.0000,-4.1011,-1.2569,8.9947,1.2742,1.2583,0.9806
6.4279,0.2110,6.5095,3.0000,-7.2314,-0.0538,5.7877,1.0011,1.3683,1.1268
5.7512,-0.8779,2.1273,3.0000,-1.6937,-1.3142,2.5608,0.5292,0.7665,0.6977
1.6120,-0.3410,2.2581,3.0000,-2.0912,0.2485,2.4250,0.6875,0.7880,0.5864
5.5369,-0.3332,2.5499,3.0000,-2.9243,0.2661,2.1755,0.7245,0.6690,0.8067
5.9743,-0.0218,5.8661,3.0000,-6.7629,1.7881,4.9693,1.0387,1.3619,0.8949
7.8461,-0.7393,3.1507,3.0000,-3.7116,1.6362,2.5898,0.8352,0.9156,0.6856
1.8892,0.7030,6.6486,3.0000,-6.2963,-2.6202,7.0009,1.1201,1.1602,1.2775
7.5791,-0.7497,6.5200,3.0000,-6.5003,2.5255,6.5397,1.2397,1.3304,0.9187
5.0117,0.1386,3.6049,3.0000,-4.6018,-0.8392,2.6081,0.6311,0.9504,0.9967
5.8507,-0.7490,4.8813,3.0000,-3.9098,-1.1890,5.8529,1.0487,1.0286,0.9745
2.4071,-0.3149,3.8285,3.0000,-3.8763,-2.3678,3.7807,0.9216,0.6641,1.0710
4.8883,-0.1957,3.0294,3.0000,-2.7526,-1.4054,3.3062,0.7320,0.8150,0.8535
4.7776,0.9442,3.9295,3.0000,-5.6199,1.0819,2.2391,0.7657,0.9266,1.0279
7.4450,0.1438,5.2338,3.0000,-4.5417,-3.5193,5.9259,1.1337,0.8161,1.1750
4.5509,-0.3525,2.9081,3.0000,-2.1492,-1.0936,3.6670,0.7513,0.8582,0.7419
3.1867,0.5018,5.9918,3.0000,-6.5866,1.6083,5.3971,1.1992,0.9408,1.2212
2.4001,-0.8608,2.3803,3.0000,-2.6260,-0.3453,2.1347,0.6688,0.6675,0.7889
5.3039,0.5658,3.8053,3.0000,-2.4499,-0.5646,5.1607,0.9619,0.9766,0.7373
3.3841,0.4031,7.9963,3.0000,-7.9910,-0.2876,8.0016,1.2262,1.4188,1.2546
3.1040,-0.4063,4.6498,3.0000,-3.7437,0.1340,5.5559,0.9918,1.1603,0.7939
5.9043,-0.7221,2.7648,3.0000,-2.7205,-0.2664,2.8090,0.7049,0.8451,0.7409
1.5811,-0.7217,4.0057,3.0000,-4.3463,0.4380,3.6651,0.9492,0.8122,0.9947
3.6017,0.9865,6.4015,3.0000,-6.1087,-2.0320,6.6943,0.9511,1.3413,1.1711
2.4128,-0.6923,5.2552,3.0000,-5.3616,2.0341,5.1488,1.1473,1.0433,0.9699
5.5467,0.2674,3.1462,3.0000,-3.2719,-1.1298,3.0205,0.7472,0.7818,0.9129
3.6458,-0.8579,4.2927,3.0000,-4.9190,0.2641,3.6663,0.9307,0.8712,1.0524
7.1607,0.3972,7.1656,3.0000,-8.2845,-1.3380,6.0467,1.1032,1.1719,1.4040
4.8514,-0.8330,4.6770,3.0000,-3.1867,-3.0227,6.1672,0.8648,1.1121,0.9963
3.1699,0.8421,2.1599,3.0000,-2.2302,0.4504,2.0896,0.6479,0.8041,0.5556
5.3074,-0.6551,4.4048,3.0000,-5.6146,0.7952,3.1950,0.8956,0.8884,1.1013
4.3616,-0.0109,4.7009,3.0000,-2.5447,-2.1679,6.8572,1.1582,0.9362,0.8803
2.8795,0.4822,4.2082,3.0000,-4.6862,-0.6613,3.7302,0.8634,0.9203,1.0424
6.2735,0.3275,2.3153,3.0000,-2.4865,-0.6108,2.1441,0.5968,0.7406,0.7545
6.1771,-0.8390,7.5848,3.0000,-5.2345,-0.5264,9.9351,1.4067,1.3100,1.0647
5.9526,0.3258,7.6368,3.0000,-7.8083,-3.3603,7.4653,1.1120,1.2680,1.4203
5.0533,0.1278,7.9338,3.0000,-5.3856,0.9623,10.4820,1.4816,1.3792,0.9764
3.4107,-0.1929,6.8237,3.0000,-8.5369,0.2924,5.1105,1.0071,1.3172,1.2629
6.4227,0.7971,6.2933,3.0000,-7.6757,2.2773,4.9110,1.0930,1.3273,1.0247
7.4377,0.4438,2.2336,3.0000,-2.4940,1.0363,1.9732,0.7522,0.5449,0.7478
3.1825,-0.9628,7.0282,3.0000,-7.7023,-2.4531,6.3540,1.0147,1.2589,1.3638
3.8197,0.6305,4.8891,3.0000,-6.9382,1.3759,2.8400,0.8572,1.0629,1.1171
1.2809,0.0797,5.7358,3.0000,-4.0719,-2.4186,7.3997,1.0304,1.2295,1.0384
4.1368,-0.1751,2.1899,3.0000,-2.9151,0.8023,1.4646,0.6113,0.7820,0.6394
7.9471,0.3213,7.4797,3.0000,-4.8209,-1.9955,10.1385,1.4236,1.2166,1.1203
4.3815,0.9004,7.0567,3.0000,-6.9022,-2.1298,7.2112,1.1649,1.1908,1.3106
3.1442,0.5144,3.1058,3.0000,-2.2327,-1.8923,3.9789,0.7302,0.8808,0.8174
4.2926,-0.4801,5.9082,3.0000,-5.0748,-1.5907,6.7417,1.1201,1.1243,1.1147
1.4136,0.6210,6.5731,3.0000,-3.8031,-1.1868,9.3432,1.3690,1.1718,0.9681
6.2771,0.7803,5.0070,3.0000,-5.0331,0.3239,4.9810,0.9242,1.2540,0.8723
6.4774,-0.7722,5.7294,3.0000,-4.3850,-4.2094,7.0738,0.9307,1.1862,1.1723
6.9339,0.6937,6.2619,3.0000,-5.2565,-3.4194,7.2672,1.1428,1.0864,1.2248
2.4184,0.8422,6.6462,3.0000,-5.1020,-2.9078,8.1904,1.2487,1.1203,1.1903
5.8597,-0.0720,5.0975,3.0000,-5.9754,-2.1751,4.2196,0.9435,0.8498,1.2778
7.4304,-0.6302,6.8441,3.0000,-6.1740,1.6357,7.5142,1.3884,1.0397,1.1612
5.9878,-0.5144,7.2755,3.0000,-5.2352,-0.2968,9.3158,1.2805,1.4165,0.9927
3.1062,-0.1999,7.9797,3.0000,-7.8330,-1.0024,8.1265,1.2042,1.4096,1.2818
6.5498,0.1497,3.1882,3.0000,-3.5330,0.3176,2.8433,0.7398,0.9504,0.7610
1.5613,0.6054,6.8785,3.0000,-9.6041,0.4829,4.1529,0.9555,1.2380,1.3904
6.6928,0.8938,3.2478,3.0000,-3.1458,0.7178,3.3498,0.8669,0.8813,0.7344
7.5540,-0.0122,6.1388,3.0000,-5.2107,-2.7306,7.0669,1.0471,1.2021,1.1691
1.7984,-0.7270,2.5256,3.0000,-2.5905,-0.0005,2.4606,0.7353,0.7055,0.7546
4.3026,-0.1569,5.1045,3.0000,-4.7331,-3.5749,5.4759,0.9434,0.9809,1.1821
6.6976,0.0779,7.6687,3.0000,-7.6859,3.0856,7.6515,1.3837,1.3227,1.1035
7.9050,0.1206,5.9042,3.0000,-4.7562,-3.2890,7.0522,1.1093,1.0762,1.1705
1.9514,-0.6821,5.8988,3.0000,-3.4832,-1.8112,8.3144,1.2245,1.1560,0.9588
7.4397,-0.0264,7.0697,3.0000,-8.9272,3.5902,5.2122,1.2489,0.9311,1.4402
6.7914,0.0398,4.3231,3.0000,-4.9295,2.2901,3.7167,1.0248,0.8975,0.9469
7.8396,0.2222,6.8511,3.0000,-6.1137,-4.1010,7.5885,1.0655,1.2250,1.3136
4.7957,0.2915,7.2012,3.0000,-6.3400,-0.2518,8.0623,1.1228,1.5039,1.0306
6.2604,-0.1763,2.0994,3.0000,-2.3916,-0.5655,1.8073,0.5948,0.6261,0.7686
3.0229,-0.5521,4.6426,3.0000,-4.7498,-2.9864,4.5354,0.8130,0.9829,1.1526
7.2707,0.7334,4.5704,3.0000,-4.3442,-2.4132,4.7965,0.8300,1.0307,1.0763
6.6665,-0.2471,7.8098,3.0000,-7.2708,-2.5948,8.3487,1.2023,1.3152,1.3403
4.3699,0.0649,3.8097,3.0000,-3.5174,0.4132,4.1020,0.9713,0.8650,0.8565
3.8838,0.1419,3.2656,3.0000,-3.0937,-2.3330,3.4376,0.6187,0.8973,0.9439
3.7856,-0.7064,2.1983,3.0000,-2.4135,-0.1556,1.9830,0.6416,0.6717,0.7325
4.3360,-0.3909,4.9138,3.0000,-2.7124,-1.9111,7.1152,1.2859,0.8159,0.8995
4.3846,-0.1447,3.2327,3.0000,-4.1140,2.1419,2.3515,0.8507,0.8754,0.7537
5.2286,-0.5641,3.6618,3.0000,-3.3821,1.7888,3.9415,1.0443,0.7473,0.8260
2.3326,0.5448,3.4662,3.0000,-3.2865,-2.4928,3.6459,0.7660,0.8050,0.9859
3.8397,-0.9638,5.8048,3.0000,-6.7432,2.2855,4.8664,1.1623,0.9442,1.2054
7.6703,-0.6049,5.3814,3.0000,-7.8522,2.4473,2.9106,0.9298,1.2002,1.0587
7.5025,-0.6959,5.7125,3.0000,-4.2782,-0.7275,7.1468,1.1414,1.1876,0.9610
4.2930,-0.7426,7.5260,3.0000,-8.9322,-2.1459,6.1198,1.1731,1.0204,1.5407
2.7226,0.7604,4.2746,3.0000,-4.4123,2.2496,4.1370,1.0529,0.9713,0.8182
3.5364,-0.6904,7.7560,3.0000,-12.3656,2.0528,3.1465,0.9292,1.4000,1.4541
7.8270,-0.4300,3.5322,3.0000,-5.3364,1.4220,1.7280,0.7135,0.9724,0.8911
6.5747,-0.9984,5.5331,3.0000,-2.4875,-2.1417,8.5787,1.1183,1.2361,0.8626
2.5252,0.4286,4.0320,3.0000,-3.0276,-1.1493,5.0364,0.9684,0.9313,0.8728
6.5390,-0.8865,3.8439,3.0000,-5.0698,1.2454,2.6180,0.7895,1.0844,0.8049
2.8652,0.1682,4.4336,3.0000,-5.5376,-1.3738,3.3296,0.8419,0.8134,1.2050
6.9201,-0.2045,7.0880,3.0000,-6.6288,4.1826,7.5472,1.4207,1.2719,0.9361
6.4937,-0.8863,6.5952,3.0000,-6.8997,0.5196,6.2906,1.1974,1.1401,1.2104
6.8189,-0.3874,6.6453,3.0000,-7.2436,4.0239,6.0469,1.2992,1.2472,0.9934
6.0958,-0.5752,3.7085,3.0000,-4.6523,1.4438,2.7647,0.8718,0.8208,0.9629
2.2525,-0.6153,6.0431,3.0000,-6.8926,2.5921,5.1935,1.2147,0.9085,1.2435
6.6590,-0.0223,7.9602,3.0000,-9.1628,-5.2002,6.7577,1.1628,1.0314,1.6284
4.9607,-0.7867,3.6981,3.0000,-3.8406,-1.0817,3.5555,0.8106,0.8702,0.9696
7.3633,-0.4014,3.6387,3.0000,-4.7157,0.0744,2.5617,0.7487,0.8635,1.0051
7.0165,0.9203,7.3227,3.0000,-6.2540,4.0872,8.3914,1.4907,1.2357,0.9553
2.4870,-0.9804,6.3779,3.0000,-6.0072,1.9793,6.7486,1.2564,1.2342,0.9790
3.7615,0.6350,3.5900,3.0000,-3.8610,0.8343,3.3191,0.9167,0.7903,0.9059
4.2623,0.1740,5.5167,3.0000,-6.5355,-0.3452,4.4979,1.0031,0.9846,1.2395
6.8950,0.8706,6.1310,3.0000,-9.1860,2.3180,3.0759,0.9496,1.1181,1.3233
4.9455,-0.3616,5.5833,3.0000,-3.2137,-2.7553,7.9529,1.2433,1.0139,0.9903
4.1415,-0.7674,5.5495,3.0000,-4.9872,-4.3349,6.1118,1.0618,0.9322,1.2395
7.4787,0.3313,6.7822,3.0000,-6.9280,-2.2332,6.6364,1.2348,0.9481,1.3763
5.1648,-0.2512,4.1375,3.0000,-5.9681,0.3346,2.3069,0.6890,1.0437,1.0345
3.1493,0.0573,3.3605,3.0000,-2.2440,-0.7181,4.4770,0.7925,1.0155,0.6929
6.6519,-0.5284,3.2976,3.0000,-4.6625,1.7586,1.9328,0.7716,0.8659,0.8684
5.6788,0.0402,6.5758,3.0000,-6.6576,-0.5612,6.4941,1.1399,1.1963,1.2065
5.4371,0.7584,3.8812,3.0000,-4.3928,-2.2107,3.3697,0.7196,0.8784,1.0869
5.3397,-0.4676,3.7077,3.0000,-4.3864,2.9741,3.0290,0.9796,0.7891,0.8822
7.0002,0.1672,7.6367,3.0000,-7.6423,-1.1397,7.6312,1.0909,1.4689,1.2305
7.4854,0.2277,3.8483,3.0000,-2.6530,-0.4262,5.0435,1.0341,0.8685,0.7914
7.4454,0.4743,3.1495,3.0000,-3.7926,1.8996,2.5065,0.8415,0.9646,0.6053
6.3272,0.0351,6.1651,3.0000,-4.6309,-2.4323,7.6994,1.0876,1.2422,1.0950
1.3478,0.1212,7.5463,3.0000,-5.4914,-2.9963,9.6013,1.3059,1.2721,1.2167
2.1508,-0.5146,6.8899,3.0000,-8.3280,2.7657,5.4517,1.1896,1.2817,1.1526
3.0840,0.9259,7.4627,3.0000,-8.1899,-6.3704,6.7355,1.0207,1.1203,1.5665
5.0921,-0.7078,4.5279,3.0000,-3.9839,-1.6796,5.0720,0.9198,1.0152,1.0029
4.9402,0.0243,5.1514,3.0000,-2.6233,-1.5124,7.6796,1.2322,1.0188,0.8503
7.7246,0.0257,4.1958,3.0000,-3.4138,-0.6020,4.9778,1.1269,0.6879,0.9634
6.4961,-0.3621,3.9355,3.0000,-2.7088,-0.2103,5.1622,0.9927,0.9816,0.7459
5.5208,-0.5846,5.6364,3.0000,-3.7522,-3.7088,7.5206,0.8970,1.2631,1.0901
5.6522,0.7234,7.6603,3.0000,-7.5130,-1.7901,7.8077,1.2260,1.2521,1.3438
5.1152,0.1662,6.8799,3.0000,-6.3996,5.2721,7.3602,1.4791,1.0107,1.0819
7.3653,0.1770,7.9371,3.0000,-6.5663,-4.3055,9.3079,1.2387,1.2906,1.3612
7.3620,0.7801,2.7770,3.0000,-2.9004,-0.3684,2.6535,0.7018,0.8044,0.7926
3.1279,0.0416,5.4260,3.0000,-6.7041,1.1657,4.1479,0.9205,1.3120,0.9411
6.3090,0.4629,7.0476,3.0000,-8.0646,5.5189,6.0306,1.3632,1.3004,0.9682
4.9105,-0.3110,6.5172,3.0000,-6.4209,1.5389,6.6135,1.3133,0.9885,1.2029
5.8706,-0.1996,2.7039,3.0000,-3.6199,1.1188,1.7880,0.6945,0.8374,0.7334
4.5971,-0.3913,2.7131,3.0000,-2.1519,-1.1859,3.2744,0.7888,0.7149,0.7707
6.4187,0.0349,7.5466,3.0000,-6.6524,-1.4484,8.4409,1.3359,1.1734,1.2817
5.8182,0.4278,3.5716,3.0000,-4.5596,0.7034,2.5836,0.8120,0.7869,0.9976
2.5262,-0.2894,3.9744,3.0000,-3.5560,-1.1314,4.3928,0.8839,0.9422,0.9280
5.7601,-0.2086,7.1269,3.0000,-6.6320,1.7397,7.6218,1.4197,0.9975,1.2356
5.7545,0.0815,3.2211,3.0000,-3.9117,0.3613,2.5305,0.7806,0.7633,0.9267
5.0342,0.9316,4.5403,3.0000,-3.6647,-2.9995,5.4158,0.9817,0.9057,1.0519
4.1141,0.9540,3.2919,3.0000,-3.9696,-0.5207,2.6142,0.7687,0.7119,0.9990
3.5043,0.4759,7.7439,3.0000,-7.1109,-0.1833,8.3770,1.1450,1.5660,1.0800
2.0099,0.9272,2.2874,3.0000,-2.0686,1.6746,2.5062,0.8618,0.5500,0.6410
2.3893,-0.6953,3.8236,3.0000,-5.7788,1.3543,1.8684,0.7365,0.8818,1.0555
2.1779,-0.2455,6.6167,3.0000,-5.7500,1.9016,7.4833,1.2800,1.3278,0.9005
5.1469,-0.9029,6.6977,3.0000,-3.7833,-3.6659,9.6121,1.0779,1.3837,1.0897
6.0569,-0.2929,3.4237,3.0000,-4.6678,0.5113,2.1795,0.7431,0.7622,1.0229
6.0700,0.3543,6.3942,3.0000,-6.8127,0.8253,5.9757,1.1118,1.2860,1.0867
3.9623,-0.5067,4.6041,3.0000,-5.7312,2.0082,3.4770,0.9632,1.0591,0.9389
3.4619,-0.2989,2.1952,3.0000,-1.7564,-0.5804,2.6340,0.6321,0.7742,0.6313
2.0936,0.4406,3.5709,3.0000,-3.0606,-2.0107,4.0812,0.8366,0.8381,0.9332
5.6949,0.6326,2.2985,3.0000,-2.5087,1.3016,2.0883,0.7524,0.7592,0.5664
6.8203,-0.9935,6.0369,3.0000,-5.3480,1.9457,6.7257,1.3553,0.8761,1.1129
2.1508,-0.0799,3.5713,3.0000,-4.6719,-0.3939,2.4707,0.7513,0.7439,1.0750
4.7369,-0.3196,4.7611,3.0000,-3.3428,1.2861,6.1795,1.2736,0.8194,0.8588
1.1886,-0.1600,6.4542,3.0000,-9.1335,2.4338,3.7750,1.0248,1.2068,1.2658
4.2276,-0.3784,3.6397,3.0000,-4.9185,1.1151,2.3609,0.7861,0.8836,0.9584
4.0254,0.2050,5.2815,3.0000,-5.7882,-2.9958,4.7749,0.8765,1.0109,1.2539
4.7136,0.1663,3.6530,3.0000,-3.6817,-1.9334,3.6244,0.7775,0.8496,0.9996
1.6111,-0.1043,7.5428,3.0000,-8.1493,-3.2815,6.9362,1.1797,1.0978,1.4850
2.3111,0.6946,6.0196,3.0000,-5.2696,1.6719,6.7696,1.2923,1.0701,1.0085
6.1688,0.8322,2.3198,3.0000,-2.2939,-0.4805,2.3457,0.6461,0.7351,0.7204
5.2470,0.5535,6.9056,3.0000,-7.7287,-0.8998,6.0826,1.0428,1.2956,1.2768
3.5547,0.3675,3.7516,3.0000,-3.8758,0.2140,3.6273,0.9131,0.8399,0.9215
5.4793,0.2036,7.3779,3.0000,-5.4042,-3.5935,9.3516,1.3490,1.1484,1.2483
1.1658,0.6886,7.6123,3.0000,-7.7099,-0.4234,7.5148,1.3966,0.9203,1.4313
7.8989,0.0186,5.7498,3.0000,-5.8596,3.0181,5.6401,1.2312,1.1069,0.9588
1.9541,-0.8163,3.2941,3.0000,-4.5792,1.9324,2.0090,0.7922,1.0107,0.6693
7.6485,0.3861,6.5296,3.0000,-7.0328,-0.9788,6.0265,1.0295,1.2651,1.2234
6.0323,-0.9128,4.4583,3.0000,-5.3543,2.0259,3.5623,0.9951,0.9130,1.0072
5.9106,0.5757,2.9711,3.0000,-3.5494,0.5344,2.3928,0.7491,0.8008,0.8301
1.6712,0.3736,3.5634,3.0000,-2.3550,-1.4518,4.7718,0.9216,0.8757,0.8077
5.8592,-0.4193,6.5836,3.0000,-6.9823,1.0007,6.1849,1.2846,0.8994,1.3161
3.1495,-0.2407,2.0835,3.0000,-2.4804,0.6171,1.6865,0.6633,0.6144,0.7134
6.8919,-0.7908,2.3567,3.0000,-2.2143,-0.2632,2.4992,0.6874,0.7423,0.6905
1.3859,-0.8920,6.1496,3.0000,-4.1989,-0.6591,8.1003,1.2407,1.2079,0.9574
3.3576,-0.6424,3.7447,3.0000,-5.1402,-0.0361,2.3491,0.7528,0.7540,1.1174
4.7673,-0.3409,6.6336,3.0000,-5.4544,-4.1677,7.8127,1.1521,1.1332,1.2695
5.1550,0.1097,6.8187,3.0000,-8.1792,3.3532,5.4581,1.2404,1.1345,1.2309
2.1116,0.0667,4.9616,3.0000,-7.0511,0.9709,2.8721,0.8194,1.1259,1.1044
4.6171,-0.8860,6.4597,3.0000,-5.1367,-1.9452,7.7826,1.0944,1.3037,1.1024
2.4995,0.3651,5.8538,3.0000,-6.1518,1.8210,5.5557,1.1292,1.2436,0.9513
6.8093,-0.9411,4.9921,3.0000,-4.6966,1.8264,5.2876,1.1099,1.1408,0.8029
5.0309,0.2086,7.0714,3.0000,-4.8504,-1.3119,9.2924,1.4654,1.0396,1.1285
2.3538,-0.5414,7.0431,3.0000,-6.6910,-2.6383,7.3952,1.1134,1.2508,1.2960
4.4171,0.0417,7.7255,3.0000,-6.2201,-4.9284,9.2310,1.4449,0.9633,1.3793
6.1955,0.1948,4.9691,3.0000,-5.1974,0.6489,4.7408,1.1131,0.8099,1.1263
3.8470,0.5558,3.1500,3.0000,-3.6666,1.5852,2.6333,0.8325,0.9340,0.6633
3.9328,0.4575,2.5150,3.0000,-2.3034,-2.0887,2.7266,0.7523,0.5615,0.8484
1.0622,0.5221,4.4617,3.0000,-2.1784,-1.6954,6.7451,1.0398,1.0616,0.7952
1.9187,0.4700,3.5585,3.0000,-4.0846,-0.9219,3.0325,0.7232,0.8922,0.9729
7.4030,0.5771,6.5646,3.0000,-7.3026,-3.7751,5.8267,1.1122,0.9191,1.4483
3.9222,0.8914,4.3799,3.0000,-3.2360,-2.7012,5.5238,1.0443,0.8433,0.9933
4.1909,0.5585,3.5461,3.0000,-3.1020,-1.6884,3.9902,0.7232,0.9660,0.8952
7.5034,-0.9784,3.7928,3.0000,-3.7905,-2.7578,3.7951,0.8145,0.7940,1.0586
2.4680,0.7855,5.8898,3.0000,-3.7002,-2.6854,8.0793,1.1527,1.1663,1.0299
6.1712,0.4673,5.2484,3.0000,-5.1912,-0.4222,5.3055,1.0947,0.9480,1.1154
7.2990,-0.7662,4.0303,3.0000,-3.6071,2.3043,4.4535,1.1140,0.8137,0.8140
1.5574,0.4286,2.5758,3.0000,-2.1301,-1.6225,3.0215,0.7755,0.6322,0.7992
6.4703,-0.7345,7.4381,3.0000,-6.0887,-1.2420,8.7875,1.2615,1.3374,1.1642
1.2773,0.8440,2.1798,3.0000,-2.0743,-1.1101,2.2854,0.6736,0.5928,0.7632
3.2466,-0.6282,2.5946,3.0000,-1.0608,-0.9248,4.1283,0.7878,0.8439,0.5648
4.6138,-0.8962,7.9801,3.0000,-9.7055,5.8032,6.2547,1.3950,1.2592,1.2445
3.9890,0.8057,4.1390,3.0000,-2.4067,-0.7761,5.8712,1.0331,0.9991,0.7546
7.7753,0.8623,7.0371,3.0000,-7.7036,-3.5865,6.3707,0.9154,1.2969,1.4000
1.2684,0.3227,3.7120,3.0000,-2.8691,-2.2386,4.5550,0.9424,0.7835,0.9280
3.4452,-0.9001,7.1873,3.0000,-6.0040,-2.2495,8.3707,1.0146,1.4876,1.1546
7.3894,0.9380,4.9671,3.0000,-5.6707,2.1426,4.2636,1.0751,0.9708,1.0314
3.1355,0.9944,7.5505,3.0000,-7.7396,2.4384,7.3614,1.3461,1.2766,1.1684
5.2133,-0.6806,6.3748,3.0000,-3.9022,-0.9474,8.8474,1.2871,1.2286,0.9446
5.8903,0.2779,4.6132,3.0000,-2.8580,0.1022,6.3684,1.2179,0.8948,0.8080
6.9157,0.6410,7.9141,3.0000,-6.6394,2.1211,9.1888,1.4701,1.3077,1.0802
3.4246,0.8485,6.1299,3.0000,-3.2867,-1.1591,8.9732,1.2122,1.2954,0.8689
3.5693,0.9918,3.0396,3.0000,-3.6385,1.7455,2.4407,0.8442,0.7495,0.8128
1.0679,0.0168,7.7463,3.0000,-6.4611,-1.1080,9.0316,1.3711,1.2329,1.2375
5.6735,-0.8429,2.4491,3.0000,-2.6340,1.6259,2.2642,0.8020,0.7715,0.5663
1.1988,0.5064,3.6348,3.0000,-3.1663,-2.0229,4.1034,0.8793,0.7953,0.9531
7.3307,0.3496,5.0543,3.0000,-4.5634,-3.4075,5.5452,0.8098,1.1192,1.1443
2.6092,-0.2081,6.9569,3.0000,-7.2133,-1.3355,6.7005,1.0627,1.3182,1.2498
1.3947,-0.2694,2.5527,3.0000,-2.3348,0.4612,2.7706,0.8181,0.6857,0.6969
4.9448,-0.7984,4.9574,3.0000,-4.9640,-2.1946,4.9508,1.0227,0.8576,1.1725
5.9580,-0.7142,6.6144,3.0000,-5.9842,4.4290,7.2445,1.4448,1.0133,1.0472
4.0129,-0.3532,5.3570,3.0000,-5.3089,-0.0293,5.4051,0.9622,1.2517,0.9580
5.8876,0.2259,7.4624,3.0000,-7.4482,-2.9470,7.4766,1.2318,1.1113,1.4136
6.6250,0.2389,6.1592,3.0000,-5.5873,-2.8296,6.7310,1.0543,1.1526,1.2170
1.5497,0.0217,7.9378,3.0000,-8.8694,3.6614,7.0062,1.3207,1.5186,1.0015
1.0416,-0.7442,5.0261,3.0000,-5.7545,2.4796,4.2977,1.0620,1.1523,0.8626
2.8769,0.4462,2.0970,3.0000,-2.1743,0.0733,2.0198,0.6586,0.6713,0.6713
6.7788,0.6750,3.2482,3.0000,-2.6967,-1.8263,3.7996,0.7406,0.8736,0.8696
4.3157,-0.1656,3.5380,3.0000,-3.5889,0.0190,3.4871,0.8837,0.8194,0.8944
7.3661,-0.2256,2.2649,3.0000,-1.4284,-1.2443,3.1013,0.7407,0.6762,0.6604
5.1059,-0.9743,6.7791,3.0000,-7.9520,-4.0670,5.6063,0.9026,1.1659,1.4634
4.1278,-0.2090,5.0342,3.0000,-4.1164,-3.0415,5.9521,0.9028,1.0994,1.0869
2.2645,0.4244,5.2820,3.0000,-5.2468,2.0006,5.3173,1.1629,1.0410,0.9626
3.9902,0.7924,6.2490,3.0000,-4.6227,-2.6843,7.8754,1.1339,1.2022,1.1168
4.7412,0.4132,7.7991,3.0000,-7.7762,-1.0834,7.8220,1.3506,1.0797,1.4054
1.0658,0.0766,7.7088,3.0000,-10.2552,4.4276,5.1624,1.2451,1.3974,1.1852
4.9843,-0.7507,2.2772,3.0000,-2.8385,0.7163,1.7159,0.6858,0.5881,0.7959
4.4472,0.0781,6.0852,3.0000,-6.5762,2.0707,5.5943,1.1315,1.3148,0.9301
3.8802,-0.4176,3.9629,3.0000,-4.0507,1.5239,3.8751,0.9734,0.9817,0.7820
7.0763,-0.4908,4.8023,3.0000,-5.5395,3.6225,4.0651,1.1164,1.0168,0.8815
6.1943,-0.3949,7.0723,3.0000,-6.5257,-2.8874,7.6190,1.2366,1.0983,1.3293
1.4584,-0.8424,7.2495,3.0000,-7.4660,-1.3668,7.0330,1.2785,1.0211,1.3921
6.5219,0.9801,4.6614,3.0000,-3.8581,1.3084,5.4647,1.1592,0.9422,0.8580
2.2289,-0.7597,2.0668,3.0000,-1.6549,-0.5499,2.4787,0.6980,0.6419,0.6455
3.9975,0.0269,3.5970,3.0000,-3.6580,0.0266,3.5360,0.9156,0.7673,0.9289
5.1994,-0.9140,7.6225,3.0000,-6.1453,-3.7688,9.0996,1.2037,1.3096,1.2995
4.7753,0.5804,7.6561,3.0000,-8.8494,3.0158,6.4628,1.3121,1.2209,1.2891
5.7026,-0.9981,6.4435,3.0000,-7.4872,-0.7236,5.3999,1.0968,1.0419,1.3467
6.2101,-0.6372,5.6205,3.0000,-2.4246,-1.9514,8.8164,1.3185,1.0559,0.8514
1.3455,0.1868,6.5655,3.0000,-4.9562,-0.7756,8.1748,1.1978,1.3087,1.0160
2.1797,-0.1668,4.0770,3.0000,-2.2472,-0.8935,5.9069,1.1463,0.8239,0.7763
5.1749,-0.1825,5.0770,3.0000,-2.8333,-0.5417,7.3208,1.1056,1.1962,0.7609
1.4055,0.2263,6.1760,3.0000,-6.0734,-4.2883,6.2786,0.9997,1.0807,1.3283
4.6643,0.1065,6.2312,3.0000,-4.6500,-0.1035,7.8125,1.1831,1.3082,0.9251
4.0920,0.3806,4.7096,3.0000,-6.7848,0.9698,2.6344,0.7646,1.1988,0.9882
1.6394,0.6930,6.8946,3.0000,-7.7829,0.8219,6.0063,1.1461,1.2614,1.2184
2.9051,-0.4510,3.6464,3.0000,-3.0235,-0.8946,4.2693,0.8637,0.9304,0.8424
4.8243,0.0793,4.1326,3.0000,-2.4987,-1.2399,5.7665,0.9895,1.0051,0.8009
6.8013,-0.0256,6.5318,3.0000,-7.1610,-5.9941,5.9025,1.0613,0.9090,1.4851
5.1392,-0.5276,6.6333,3.0000,-7.7619,1.2471,5.5048,1.1126,1.2660,1.1757
5.3276,-0.8168,2.3807,3.0000,-2.2571,0.1924,2.5043,0.7458,0.7045,0.6806
2.8301,0.1127,3.9526,3.0000,-3.2828,-2.2430,4.6224,0.7881,0.9894,0.9572
6.3017,0.9605,5.8104,3.0000,-6.3458,3.1925,5.2751,1.2292,0.9688,1.1179
7.9111,0.7261,2.4707,3.0000,-2.5394,1.1467,2.4021,0.7819,0.7768,0.5985
2.8528,0.7429,6.7201,3.0000,-4.8799,0.5525,8.5602,1.4171,1.0966,1.0331
2.7089,0.9540,4.0241,3.0000,-3.8591,0.0282,4.1891,0.8435,1.0968,0.8046
5.9492,-0.5175,2.8623,3.0000,-2.7854,-0.7484,2.9392,0.7789,0.7145,0.8396
5.6262,0.6343,6.7155,3.0000,-9.3716,3.5721,4.0594,1.1131,1.2098,1.2540
2.0082,0.8267,3.2958,3.0000,-4.3054,0.5460,2.2863,0.7016,0.9444,0.8450
4.7716,-0.6689,4.6992,3.0000,-3.0939,-0.0831,6.3044,1.1060,1.0737,0.7845
5.2560,0.8571,5.7165,3.0000,-6.8786,-0.0047,4.5544,0.8684,1.3207,1.0681
6.1613,0.8392,2.0085,3.0000,-3.0611,0.6096,0.9558,0.5067,0.7421,0.6864
3.7743,-0.7835,7.0320,3.0000,-9.5773,3.9290,4.4868,1.1668,1.2974,1.1967
1.8590,-0.9429,3.9772,3.0000,-2.6378,-1.6821,5.3166,1.0878,0.7606,0.8776
1.4538,0.7231,6.7503,3.0000,-3.8535,-3.4143,9.6472,1.0179,1.4502,1.0762
5.9207,-0.4379,3.8844,3.0000,-5.4887,1.2673,2.2801,0.7729,0.9923,0.9438
4.2815,-0.8308,7.6894,3.0000,-10.0420,-0.0981,5.3367,1.1088,1.1522,1.5291
6.3881,-0.9366,5.5945,3.0000,-7.5718,3.2983,3.6171,1.0579,1.0626,1.1460
7.7168,-0.7745,5.4120,3.0000,-6.1061,-1.2144,4.7180,0.8786,1.1540,1.1584
1.2565,-0.8669,2.6312,3.0000,-2.4835,-0.3342,2.7789,0.7643,0.7125,0.7637
4.1886,-0.9668,2.9268,3.0000,-3.8686,1.5999,1.9850,0.7637,0.8595,0.7358
7.8674,0.1428,5.9625,3.0000,-7.7846,-1.5258,4.1404,0.8637,1.0972,1.3587
6.3663,0.4398,5.4140,3.0000,-5.9483,3.0740,4.8797,1.1631,1.0964,0.9443
2.5785,-0.3286,4.3865,3.0000,-5.1715,-1.1142,3.6015,0.7398,1.0557,1.0633
1.1830,-0.1059,7.9988,3.0000,-7.8850,-6.5566,8.1126,1.1292,1.1940,1.5464
7.3302,0.8747,5.9121,3.0000,-4.5504,0.0153,7.2739,1.3046,0.9996,1.0308
3.0465,-0.8133,5.9800,3.0000,-7.3527,2.0839,4.6073,1.1077,1.0658,1.2018
5.9340,-0.9564,3.2428,3.0000,-3.4877,0.9962,2.9980,0.8050,0.9960,0.6514
3.7604,0.9200,7.0275,3.0000,-6.9772,-2.4916,7.0779,1.1416,1.1810,1.3326
6.0559,0.3677,3.9098,3.0000,-4.8992,0.6896,2.9205,0.7774,1.0678,0.8629
1.1167,-0.6037,5.9341,3.0000,-5.8450,0.3702,6.0232,1.0543,1.3006,0.9872
7.7427,-0.1588,5.1320,3.0000,-4.3340,-0.5520,5.9301,1.1867,0.8711,1.0488
5.3375,0.4737,7.5118,3.0000,-5.7053,-1.8933,9.3184,1.1565,1.4773,1.1235
3.5048,-0.7897,3.2738,3.0000,-3.0366,0.8547,3.5109,0.9130,0.8367,0.7420
5.8564,0.6077,3.6665,3.0000,-4.5375,-0.5224,2.7956,0.7040,0.9335,0.9835
7.3259,0.8620,5.9613,3.0000,-7.0795,2.1749,4.8431,1.1135,1.1612,1.0986
7.3443,-0.2136,6.0853,3.0000,-6.6225,1.8039,5.5481,1.1785,1.1073,1.1221
4.2800,-0.1050,7.3387,3.0000,-6.8173,-0.2403,7.8602,1.3334,1.1453,1.2578
2.5662,0.6039,5.2186,3.0000,-3.0923,-1.8257,7.3449,1.0084,1.2262,0.8955
6.3167,0.4583,7.4910,3.0000,-9.2012,3.9084,5.7809,1.2879,1.2049,1.2878
7.4459,-0.6038,2.5795,3.0000,-2.6078,-1.5676,2.5511,0.6799,0.6619,0.8613
6.3870,-0.6165,2.2603,3.0000,-2.3508,1.2313,2.1698,0.8004,0.4909,0.7466
3.6850,-0.9533,4.4731,3.0000,-3.9008,-1.7817,5.0454,0.9270,0.9892,1.0049
5.6140,0.0057,5.2742,3.0000,-3.8080,-1.6675,6.7404,1.1000,1.0833,0.9869
6.2266,0.4201,4.8054,3.0000,-6.2377,-1.1802,3.3731,0.8612,0.8372,1.2715
5.9221,0.2470,7.6647,3.0000,-9.8424,5.1421,5.4870,1.3051,1.3871,1.1190
1.8273,0.9692,3.5658,3.0000,-4.3173,0.8669,2.8142,0.8085,0.9417,0.8542
5.3597,0.1131,2.5558,3.0000,-2.7084,-1.4815,2.4032,0.5722,0.7588,0.8508
5.8793,0.2571,5.0747,3.0000,-5.1057,-1.0799,5.0436,1.0041,0.9950,1.1102
7.1182,-0.3883,7.3744,3.0000,-5.6216,-0.1763,9.1272,1.2412,1.4709,0.9953
1.5857,-0.5418,3.9724,3.0000,-4.7986,-1.3444,3.1462,0.6965,0.9558,1.0631
6.2351,-0.1344,3.8041,3.0000,-5.4882,0.3922,2.1201,0.6709,0.9948,0.9910
5.9847,0.1369,2.8007,3.0000,-2.8825,-2.4585,2.7189,0.6074,0.7329,0.9364
7.7552,0.2722,2.3816,3.0000,-2.0052,0.7746,2.7580,0.8159,0.7138,0.5839
2.4400,-0.8105,5.5349,3.0000,-6.1451,2.2969,4.9247,1.1125,1.1787,0.9468
3.4443,-0.3419,7.2923,3.0000,-7.6871,4.1013,6.8975,1.3731,1.2717,1.0676
1.3120,-0.1354,4.2398,3.0000,-5.1518,1.5608,3.3279,0.9118,1.0458,0.8799
1.9511,0.7561,3.2901,3.0000,-2.7317,-2.4191,3.8484,0.8996,0.6607,0.9213
5.3650,-0.4636,5.5392,3.0000,-5.6916,3.8023,5.3868,1.2528,1.0072,0.9707
3.2623,-0.6213,6.3764,3.0000,-5.7412,-2.5115,7.0115,1.0792,1.1954,1.2106
7.5710,0.0994,2.2143,3.0000,-2.4025,1.0830,2.0261,0.7287,0.7316,0.5860
4.2450,-0.7344,7.8608,3.0000,-10.8519,-0.0875,4.8698,0.9463,1.4409,1.4257
4.5157,0.9051,6.0443,3.0000,-6.2122,1.0392,5.8764,1.1887,1.0693,1.1365
1.6272,0.1345,6.1616,3.0000,-5.1107,-2.1954,7.2124,1.2060,1.0498,1.1688
6.9837,-0.1971,2.4767,3.0000,-1.0668,-0.8806,3.8865,0.8392,0.7441,0.5646
2.4176,-0.5669,6.5599,3.0000,-6.9066,-3.3263,6.2133,1.1060,1.0187,1.3839
2.4428,0.5080,3.2285,3.0000,-2.3952,-0.6024,4.0617,0.7237,1.0319,0.6832
7.8543,-0.3676,6.1046,3.0000,-7.5427,3.7758,4.6664,1.1749,1.1999,1.0326
3.9685,0.0434,4.8969,3.0000,-3.6536,-3.0073,6.1402,0.9403,1.0705,1.0428
5.4698,-0.7445,6.0345,3.0000,-4.4257,-2.1926,7.6432,1.1976,1.1070,1.0872
4.5576,0.3225,4.4202,3.0000,-5.2444,-1.9199,3.5959,0.8016,0.8970,1.1691
4.8915,0.7849,4.1922,3.0000,-5.4336,1.7621,2.9508,0.9002,0.9534,0.9744
6.2827,0.0266,6.1682,3.0000,-8.0124,2.0946,4.3240,1.0774,1.0923,1.2542
3.7875,-0.2059,3.2564,3.0000,-3.3021,1.0044,3.2107,0.9227,0.7097,0.8474
6.6694,0.1121,7.7240,3.0000,-9.1543,-2.1418,6.2937,1.1244,1.1634,1.5164
2.0616,-0.9284,2.8931,3.0000,-1.5662,-1.3382,4.2201,0.7079,0.9363,0.6812
6.9654,0.4027,4.0469,3.0000,-3.7238,-2.1542,4.3701,0.7943,0.9711,1.0012
1.0389,-0.3691,4.8895,3.0000,-6.5724,0.6696,3.2066,0.8529,1.0632,1.1202
5.9138,0.3636,7.4801,3.0000,-8.9070,2.7611,6.0532,1.2287,1.3766,1.1650
4.3076,0.8292,3.5979,3.0000,-4.5285,0.8148,2.6674,0.8063,0.8790,0.9315
1.0450,0.6491,4.4951,3.0000,-4.5180,0.6097,4.4723,1.0144,0.9582,0.9563
6.2990,0.9021,2.1240,3.0000,-2.8395,0.8425,1.4085,0.6190,0.6990,0.6931
7.4155,-0.4359,3.5411,3.0000,-4.0367,2.5530,3.0454,0.9515,0.9593,0.6547
3.3568,-0.4947,5.2788,3.0000,-6.0491,1.8148,4.5084,1.0330,1.2010,0.9225
5.4473,0.8556,4.1052,3.0000,-3.5309,-3.2887,4.6795,0.7613,0.9683,1.0470
5.6203,-0.4341,2.7662,3.0000,-1.5502,-1.4474,3.9822,0.7912,0.8086,0.6938
4.3338,0.4305,4.0963,3.0000,-4.8032,-3.2670,3.3893,0.7937,0.7433,1.1939
6.0463,0.5808,5.7027,3.0000,-6.9982,0.1296,4.4073,0.9734,1.1019,1.2119
5.9352,0.2528,7.0280,3.0000,-10.2597,2.6394,3.7963,1.0470,1.1677,1.4194
4.0097,0.8534,4.5755,3.0000,-3.8664,-0.1176,5.2845,1.0418,1.0054,0.9037
1.2564,0.7742,7.5985,3.0000,-9.5022,3.3278,5.6948,1.2447,1.3008,1.2634
4.4451,0.3922,5.3396,3.0000,-7.2482,2.6953,3.4309,1.0081,1.0494,1.1322
4.2911,0.3406,5.1737,3.0000,-7.0722,2.4104,3.2752,0.9820,0.9677,1.1803
4.6835,-0.3393,3.1450,3.0000,-3.9367,1.3461,2.3534,0.7969,0.8441,0.8091
1.0052,-0.1616,3.9607,3.0000,-3.9985,-0.7479,3.9230,0.9451,0.7764,1.0126
7.3016,-0.2544,7.5753,3.0000,-7.7452,0.0301,7.4054,1.1259,1.4960,1.1475
6.1516,-0.4433,7.0142,3.0000,-5.7400,-1.0969,8.2885,0.9930,1.5715,1.0048
7.0358,-0.4047,6.8541,3.0000,-6.8405,1.9458,6.8677,1.2971,1.1842,1.1307
4.4934,-0.1213,4.8044,3.0000,-3.3987,-0.3991,6.2102,0.9741,1.2225,0.7844
1.8384,-0.0228,7.8409,3.0000,-5.7835,-4.3185,9.8984,1.3209,1.2454,1.3023
1.1376,0.0972,4.0518,3.0000,-2.9402,-2.0546,5.1634,0.9318,0.9329,0.9169
4.8947,-0.7503,5.2031,3.0000,-6.0481,2.6104,4.3580,1.1082,0.9736,1.0661
1.7587,0.4704,7.7307,3.0000,-7.3974,-0.3768,8.0640,1.2373,1.3776,1.2219
3.5529,0.6681,2.6053,3.0000,-2.0341,-1.3673,3.1765,0.8171,0.6276,0.7727
4.1462,-0.1998,2.6488,3.0000,-2.8783,0.3966,2.4193,0.7256,0.7987,0.7224
3.5758,0.5278,7.6893,3.0000,-4.6871,-1.3223,10.6916,1.5284,1.1688,1.0923
6.5627,-0.9003,6.6607,3.0000,-5.9915,-2.7301,7.3299,1.0140,1.3146,1.2182
2.8878,0.6003,4.3759,3.0000,-3.6599,-0.6900,5.0918,1.0229,0.9325,0.9327
7.7982,-0.9597,2.4482,3.0000,-1.2122,-1.0818,3.6841,0.6649,0.8664,0.6049
2.9344,-0.5722,6.4043,3.0000,-8.3117,2.0297,4.4970,1.0994,1.0753,1.3085
1.9637,-0.2695,4.1730,3.0000,-5.6202,1.0326,2.7259,0.8064,1.0352,0.9668
2.3756,0.2341,5.6443,3.0000,-6.0387,-0.1759,5.2499,1.0387,1.1100,1.1324
4.7187,-0.0695,4.2353,3.0000,-4.2004,-0.7633,4.2702,0.9743,0.8306,1.0282
5.4588,-0.3803,6.6847,3.0000,-9.1820,2.2193,4.1874,1.0542,1.2267,1.2804
4.2980,-0.3287,5.9562,3.0000,-8.4843,1.8973,3.4280,0.9451,1.2411,1.1654
6.4544,0.5859,6.0820,3.0000,-4.5078,0.0410,7.6562,1.3246,1.0442,1.0135
2.9920,0.7307,3.7224,3.0000,-5.2097,1.5532,2.2351,0.7970,0.9123,0.9499
6.9926,-0.1464,3.0676,3.0000,-2.7060,0.1681,3.4292,0.9026,0.7218,0.7857
7.6373,-0.4420,7.3108,3.0000,-10.1132,2.5509,4.5084,1.0772,1.4325,1.2008
2.1021,-0.3883,4.8695,3.0000,-4.6375,-0.7944,5.1016,0.9735,1.0568,1.0176
6.5423,0.5912,5.4750,3.0000,-5.8392,2.5712,5.1107,1.1568,1.1156,0.9502
3.4455,-0.0826,4.0711,3.0000,-4.6858,-1.7784,3.4564,0.7868,0.8652,1.1065
1.7730,0.1421,4.6335,3.0000,-5.6819,-0.6390,3.5852,0.8897,0.8757,1.1795
1.4015,0.6354,5.3903,3.0000,-5.5273,3.8759,5.2534,1.2443,0.9847,0.9558
5.7407,0.7497,2.4978,3.0000,-3.1961,1.1846,1.7994,0.7148,0.7089,0.7594
4.1210,-0.2464,4.4872,3.0000,-3.9714,-3.4293,5.0031,0.9859,0.8127,1.1065
7.6381,0.8930,2.5307,3.0000,-1.8179,-0.4495,3.2434,0.6681,0.8962,0.6013
3.0945,0.0753,2.4487,3.0000,-2.6832,1.9661,2.2142,0.8291,0.5852,0.7273
5.8550,0.3171,5.1559,3.0000,-4.9906,0.2809,5.3212,1.1069,0.9792,1.0480
7.9297,-0.4567,5.5619,3.0000,-4.7825,-0.3831,6.3413,1.2396,0.8929,1.0986
6.9939,-0.1746,7.5434,3.0000,-6.2600,-6.2478,8.8267,1.2890,1.0720,1.4113
6.9453,-0.3233,5.7697,3.0000,-6.9033,-0.1457,4.6361,1.0793,0.8661,1.3259
1.7512,-0.4613,2.1410,3.0000,-2.4219,1.5139,1.8600,0.7497,0.6096,0.6553
7.2015,-0.9155,3.3356,3.0000,-2.4561,-2.2672,4.2151,0.8525,0.7955,0.8740
7.0847,0.7851,7.9992,3.0000,-9.9545,3.4420,6.0438,1.2775,1.3394,1.2909
3.7161,-0.3882,6.8075,3.0000,-8.2748,3.5742,5.3403,1.2165,1.3020,1.0764
6.1407,0.9016,6.7502,3.0000,-8.4064,3.4297,5.0940,1.2240,1.0004,1.3411
7.2319,-0.6052,5.2487,3.0000,-6.0967,2.3144,4.4007,1.1026,0.9652,1.0928
3.0241,-0.0551,4.3616,3.0000,-3.4950,-2.5459,5.2282,1.0211,0.8351,1.0181
7.3675,-0.2954,2.2214,3.0000,-2.2851,-0.7130,2.1576,0.5160,0.8067,0.7050
7.7701,-0.4193,7.6540,3.0000,-9.5959,3.2558,5.7121,1.2925,0.9592,1.5106
6.2380,0.6949,3.6953,3.0000,-4.4385,1.0378,2.9521,0.8828,0.7869,0.9767
3.8523,0.5373,5.6612,3.0000,-6.8833,3.5522,4.4392,1.1441,1.1520,0.9838
2.1560,0.0494,2.0467,3.0000,-2.9115,1.0638,1.1820,0.6025,0.6783,0.6927
3.8782,-0.3840,4.3533,3.0000,-3.7753,-2.9234,4.9312,0.8066,1.0093,1.0498
1.8024,-0.2779,2.5111,3.0000,-3.0933,-0.0328,1.9289,0.6423,0.7180,0.8188
3.6465,0.6937,2.0426,3.0000,-1.4332,-1.2435,2.6520,0.7810,0.4955,0.6669
2.6004,-0.4728,7.4428,3.0000,-8.5003,-1.7561,6.3853,0.9870,1.3910,1.3524
4.2708,0.3222,3.8903,3.0000,-3.5099,-2.4414,4.2706,0.8510,0.8581,1.0080
5.7473,0.8912,6.5824,3.0000,-8.4458,2.8384,4.7191,1.1269,1.2750,1.1380
3.2339,0.0700,3.8130,3.0000,-3.3842,0.4153,4.2419,1.0386,0.7356,0.8987
4.1441,0.6809,2.8222,3.0000,-2.9914,-1.6107,2.6530,0.6164,0.7842,0.8954
4.4644,0.4767,6.3906,3.0000,-5.7076,-4.5748,7.0736,0.9080,1.2513,1.2954
6.4653,0.0703,5.6388,3.0000,-5.9014,2.9061,5.3762,1.1741,1.2327,0.8317
6.4965,0.4432,3.9432,3.0000,-3.1041,-2.0613,4.7823,0.9720,0.8157,0.9487
3.3235,0.5630,7.0156,3.0000,-7.8722,-1.2521,6.1590,1.1611,1.0767,1.3996
7.3799,-0.7804,2.8175,3.0000,-3.5792,1.4371,2.0558,0.7664,0.7810,0.7722
2.0232,0.8672,7.5318,3.0000,-7.5020,0.6384,7.5617,1.2105,1.4315,1.1317
6.2369,-0.3019,6.7318,3.0000,-7.3879,4.0910,6.0756,1.2982,1.2986,0.9560
1.2106,-0.2763,7.5528,3.0000,-5.5047,-1.6686,9.6009,1.2120,1.4585,1.1009
5.0189,0.3694,5.0708,3.0000,-6.5248,1.3395,3.6168,0.9889,0.8788,1.2158
7.1314,0.9335,7.0603,3.0000,-4.1352,-2.2012,9.9855,1.1942,1.4249,1.0189
2.6194,0.0423,3.8514,3.0000,-3.4628,0.5070,4.2401,0.9591,0.9417,0.8032
6.2447,-0.4241,2.0726,3.0000,-2.3737,-0.9153,1.7715,0.5525,0.6316,0.7844
6.1414,-0.3038,6.3330,3.0000,-6.3957,-3.0026,6.2704,0.9861,1.1824,1.2889
2.6113,-0.0770,5.9086,3.0000,-6.0709,1.5436,5.7464,1.2030,1.0362,1.1138
4.1212,0.2049,5.8590,3.0000,-5.4535,-0.0418,6.2645,1.1499,1.1172,1.0768
5.8448,-0.3259,5.3696,3.0000,-4.8075,-2.8505,5.9317,0.8894,1.1583,1.1339
4.4192,0.2388,7.5292,3.0000,-8.5293,-3.8028,6.5292,1.1750,1.0084,1.5478
3.8342,-0.3863,3.9390,3.0000,-5.0578,-0.8398,2.8203,0.7748,0.8001,1.1257
7.9237,-0.1393,3.3767,3.0000,-4.1075,0.2067,2.6459,0.8079,0.7242,0.9861
1.0326,0.4694,5.4932,3.0000,-4.8621,-3.1116,6.1243,1.1905,0.7956,1.2028
1.4993,-0.6212,6.4246,3.0000,-8.2630,0.9962,4.5862,1.0661,1.0755,1.3404
2.2749,-0.7789,3.6671,3.0000,-1.8890,-0.9729,5.4453,1.0309,0.8754,0.7110
3.0818,0.3738,5.6964,3.0000,-4.3079,-3.0450,7.0850,1.0561,1.1322,1.1087
7.0389,0.9260,2.9130,3.0000,-2.5837,0.3243,3.2423,0.8421,0.8029,0.7076
4.6847,0.5920,4.3347,3.0000,-2.9417,-1.3851,5.7276,1.0479,0.9401,0.8819
1.1310,0.2431,2.0692,3.0000,-2.5595,0.0739,1.5790,0.5925,0.6454,0.7414
3.1160,-0.8814,7.3471,3.0000,-4.6818,-3.9248,10.0124,1.4211,1.1095,1.1945
3.3162,0.3398,4.2827,3.0000,-4.1486,-0.6406,4.4169,0.9196,0.9742,0.9653
5.7111,-0.3248,2.0655,3.0000,-1.2490,-0.1346,2.8820,0.7672,0.6710,0.5255
3.5328,-0.8270,4.4919,3.0000,-6.7881,1.8065,2.1958,0.8081,1.0285,1.0718
2.4343,0.1083,2.8378,3.0000,-2.7071,-0.2655,2.9686,0.7641,0.7961,0.7675
3.9032,-0.2173,3.8041,3.0000,-5.1877,1.9197,2.4204,0.8431,0.9525,0.8966
6.3678,0.8436,4.6513,3.0000,-4.7236,1.5695,4.5790,1.0463,1.0589,0.8632
7.6727,-0.1508,6.1767,3.0000,-6.8707,3.4350,5.4828,1.2451,1.0846,1.0981
3.2640,0.7244,3.1423,3.0000,-2.9189,0.3500,3.3658,0.7734,0.9931,0.6451
5.4212,0.7679,2.7092,3.0000,-2.7544,-0.2802,2.6639,0.7833,0.6567,0.8245
3.6687,0.6378,2.7342,3.0000,-3.2277,1.7220,2.2406,0.8276,0.5464,0.8702
