-0.2760,-0.0034,-0.0853,0.0136,-0.0100,0.0020,-0.0008
-0.2673,0.0032,-0.0875,-0.0143,-0.0112,-0.0022,-0.0008
-0.2730,-0.0030,-0.0860,0.0086,-0.0106,0.0011,-0.0008
-0.3010,-0.0029,-0.0765,-0.0088,-0.0085,-0.0011,-0.0007
-0.3601,0.0164,-0.0556,0.0062,-0.0048,0.0003,-0.0003
-0.4370,-0.0763,-0.0272,-0.0024,-0.0007,-0.0001,-0.0000
-0.2702,0.0045,-0.0881,-0.0092,-0.0100,-0.0006,-0.0007
-0.4315,-0.0469,-0.0270,-0.0037,-0.0025,-0.0001,-0.0002
-0.4303,0.0742,-0.0286,-0.0009,-0.0018,0.0001,-0.0001
-0.4027,0.0434,-0.0400,0.0037,-0.0024,0.0002,-0.0001
-0.3686,-0.0195,-0.0538,-0.0071,-0.0035,-0.0005,-0.0001
-0.4296,-0.0512,-0.0279,-0.0054,-0.0025,-0.0002,-0.0001
-0.3215,-0.0115,-0.0691,-0.0121,-0.0074,-0.0011,-0.0005
-0.2977,0.0021,-0.0794,-0.0061,-0.0076,-0.0010,-0.0005
-0.3195,0.0004,-0.0736,-0.0014,-0.0051,-0.0002,-0.0002
-0.3610,0.0131,-0.0572,0.0063,-0.0035,0.0004,-0.0001
-0.3693,0.0018,-0.0538,-0.0008,-0.0033,-0.0000,-0.0001
-0.3541,-0.0020,-0.0589,-0.0049,-0.0044,-0.0004,-0.0003
-0.2829,0.0001,-0.0822,0.0110,-0.0101,0.0018,-0.0008
-0.3431,-0.0049,-0.0629,0.0002,-0.0050,0.0002,-0.0003
-0.3518,0.0153,-0.0600,0.0080,-0.0045,0.0006,-0.0002
-0.3477,0.0279,-0.0596,0.0075,-0.0058,0.0007,-0.0004
-0.3651,0.0128,-0.0557,0.0026,-0.0033,0.0002,-0.0001
-0.3756,-0.0222,-0.0508,-0.0037,-0.0034,-0.0003,-0.0001
-0.4335,-0.0641,-0.0283,-0.0027,-0.0010,-0.0001,-0.0000
-0.4035,-0.0499,-0.0381,-0.0022,-0.0034,-0.0001,-0.0003
-0.3208,0.0005,-0.0723,0.0046,-0.0055,0.0003,-0.0003
-0.4388,0.0871,-0.0261,0.0032,-0.0009,0.0001,-0.0000
-0.4063,0.0451,-0.0387,0.0047,-0.0023,0.0002,-0.0001
-0.3342,0.0029,-0.0668,0.0074,-0.0051,0.0006,-0.0003
-0.2677,0.0045,-0.0898,-0.0030,-0.0096,-0.0010,-0.0007
-0.2677,-0.0052,-0.0879,0.0159,-0.0108,0.0020,-0.0008
-0.3788,0.0151,-0.0493,0.0040,-0.0034,0.0003,-0.0002
-0.3910,-0.0017,-0.0450,0.0021,-0.0026,0.0001,-0.0001
-0.4417,0.0343,-0.0234,0.0043,-0.0019,0.0001,-0.0001
-0.3869,-0.0138,-0.0453,-0.0058,-0.0036,-0.0003,-0.0003
-0.3688,-0.0048,-0.0541,-0.0028,-0.0033,-0.0002,-0.0001
-0.2998,0.0084,-0.0753,0.0118,-0.0095,0.0015,-0.0008
-0.3276,0.0079,-0.0691,0.0114,-0.0056,0.0010,-0.0003
-0.4158,0.0047,-0.0347,0.0017,-0.0021,0.0000,-0.0001
-0.3956,0.0299,-0.0428,0.0064,-0.0028,0.0003,-0.0001
-0.3432,0.0016,-0.0631,-0.0015,-0.0049,-0.0002,-0.0003
-0.4213,-0.0357,-0.0315,0.0037,-0.0025,0.0002,-0.0002
-0.2904,-0.0015,-0.0808,-0.0158,-0.0089,-0.0019,-0.0006
-0.3601,-0.0081,-0.0575,-0.0036,-0.0036,-0.0002,-0.0001
-0.3286,0.0049,-0.0690,0.0074,-0.0054,0.0006,-0.0002
-0.2927,-0.0006,-0.0806,0.0117,-0.0084,0.0014,-0.0005
-0.3472,-0.0204,-0.0605,-0.0074,-0.0054,-0.0007,-0.0003
-0.2705,0.0020,-0.0899,-0.0034,-0.0089,-0.0002,-0.0005
-0.2780,-0.0007,-0.0859,-0.0013,-0.0092,0.0003,-0.0006
-0.4298,-0.0586,-0.0277,-0.0050,-0.0025,-0.0002,-0.0001
-0.3291,0.0010,-0.0687,-0.0021,-0.0054,-0.0003,-0.0003
-0.2945,-0.0019,-0.0810,0.0113,-0.0076,0.0013,-0.0004
-0.2987,-0.0023,-0.0811,0.0057,-0.0063,0.0006,-0.0003
-0.3849,0.0017,-0.0461,0.0011,-0.0036,-0.0000,-0.0003
-0.4183,0.0657,-0.0344,0.0035,-0.0015,0.0001,-0.0001
-0.2653,0.0063,-0.0896,-0.0122,-0.0104,-0.0019,-0.0008
-0.4103,-0.0603,-0.0364,-0.0047,-0.0026,-0.0002,-0.0002
-0.4036,-0.0276,-0.0381,-0.0058,-0.0033,-0.0003,-0.0003
-0.4138,0.0706,-0.0348,-0.0014,-0.0026,-0.0000,-0.0002
-0.2783,-0.0022,-0.0839,0.0162,-0.0103,0.0018,-0.0008
-0.3570,0.0107,-0.0588,0.0059,-0.0037,0.0004,-0.0001
-0.4122,0.0131,-0.0363,0.0024,-0.0020,0.0001,-0.0001
-0.3813,-0.0187,-0.0491,-0.0026,-0.0029,-0.0002,-0.0001
-0.4382,0.0005,-0.0266,0.0010,-0.0007,-0.0000,-0.0000
-0.4288,-0.0188,-0.0305,-0.0018,-0.0010,-0.0000,-0.0000
-0.4490,-0.0068,-0.0221,-0.0001,-0.0005,-0.0000,-0.0000
-0.4166,-0.0724,-0.0343,-0.0021,-0.0020,-0.0001,-0.0002
-0.3446,-0.0043,-0.0620,0.0021,-0.0051,0.0004,-0.0004
-0.2958,-0.0009,-0.0819,0.0012,-0.0067,0.0002,-0.0003
-0.2924,0.0019,-0.0795,0.0098,-0.0091,0.0013,-0.0006
-0.2868,0.0043,-0.0834,-0.0068,-0.0081,-0.0012,-0.0006
-0.4031,-0.0079,-0.0409,0.0007,-0.0017,-0.0000,-0.0001
-0.3431,0.0139,-0.0632,0.0110,-0.0049,0.0009,-0.0002
-0.3043,-0.0060,-0.0752,-0.0062,-0.0085,-0.0007,-0.0006
-0.4210,0.0596,-0.0334,0.0045,-0.0014,0.0002,-0.0000
-0.2895,-0.0039,-0.0828,0.0049,-0.0077,0.0010,-0.0006
-0.3053,-0.0017,-0.0767,-0.0125,-0.0072,-0.0012,-0.0004
-0.3289,0.0015,-0.0695,0.0042,-0.0050,0.0004,-0.0002
-0.4060,-0.0271,-0.0382,-0.0040,-0.0026,-0.0002,-0.0002
-0.3524,-0.0046,-0.0603,-0.0021,-0.0040,-0.0001,-0.0002
-0.3830,-0.0296,-0.0479,-0.0058,-0.0031,-0.0004,-0.0001
-0.4196,0.0471,-0.0336,0.0014,-0.0017,0.0001,-0.0001
-0.3215,0.0206,-0.0677,0.0111,-0.0083,0.0013,-0.0006
-0.4351,0.0511,-0.0268,0.0031,-0.0016,0.0001,-0.0001
-0.4407,-0.0228,-0.0240,-0.0029,-0.0018,-0.0001,-0.0001
-0.3510,0.0021,-0.0599,0.0035,-0.0046,0.0003,-0.0003
-0.4376,-0.0021,-0.0257,-0.0025,-0.0016,-0.0000,-0.0001
-0.3418,-0.0170,-0.0621,-0.0114,-0.0060,-0.0009,-0.0004
-0.3357,-0.0071,-0.0655,-0.0091,-0.0055,-0.0008,-0.0003
-0.3624,0.0180,-0.0557,0.0090,-0.0041,0.0006,-0.0002
-0.3652,0.0144,-0.0554,0.0065,-0.0035,0.0004,-0.0001
-0.4095,-0.0181,-0.0360,-0.0009,-0.0030,-0.0000,-0.0003
-0.3417,0.0024,-0.0641,-0.0002,-0.0047,-0.0001,-0.0002
-0.3520,-0.0196,-0.0588,-0.0083,-0.0051,-0.0007,-0.0003
-0.4022,0.0617,-0.0404,0.0012,-0.0023,0.0001,-0.0002
-0.3518,0.0035,-0.0594,-0.0007,-0.0047,-0.0002,-0.0004
-0.4452,-0.0613,-0.0213,-0.0018,-0.0022,-0.0001,-0.0002
-0.3339,0.0092,-0.0666,0.0077,-0.0054,0.0007,-0.0003
-0.4135,0.0136,-0.0361,0.0002,-0.0018,0.0000,-0.0001
-0.2686,0.0044,-0.0886,-0.0080,-0.0102,-0.0009,-0.0007
-0.3619,0.0064,-0.0562,0.0020,-0.0039,0.0001,-0.0002
-0.4235,0.0288,-0.0318,0.0026,-0.0017,0.0001,-0.0001
-0.4467,0.0048,-0.0208,0.0000,-0.0021,-0.0000,-0.0001
-0.3654,0.0143,-0.0555,0.0070,-0.0034,0.0004,-0.0001
-0.4164,-0.0439,-0.0351,-0.0036,-0.0016,-0.0001,-0.0000
-0.2759,0.0054,-0.0862,-0.0111,-0.0094,-0.0018,-0.0008
-0.4399,-0.0558,-0.0230,-0.0020,-0.0026,-0.0002,-0.0002
-0.3874,-0.0296,-0.0466,-0.0070,-0.0027,-0.0004,-0.0001
-0.4076,-0.0397,-0.0383,-0.0031,-0.0022,-0.0002,-0.0001
-0.4054,0.0258,-0.0385,0.0059,-0.0027,0.0003,-0.0001
-0.3694,-0.0074,-0.0547,-0.0034,-0.0027,-0.0002,-0.0001
-0.3017,0.0013,-0.0773,0.0109,-0.0079,0.0012,-0.0005
-0.3316,0.0015,-0.0671,-0.0025,-0.0056,-0.0004,-0.0004
-0.2955,0.0011,-0.0802,-0.0020,-0.0077,-0.0003,-0.0005
-0.4152,-0.0311,-0.0353,-0.0012,-0.0019,-0.0001,-0.0001
-0.3373,0.0054,-0.0642,0.0096,-0.0058,0.0010,-0.0004
-0.2948,0.0001,-0.0799,0.0118,-0.0082,0.0013,-0.0005
-0.2642,0.0046,-0.0882,-0.0138,-0.0116,-0.0019,-0.0010
-0.4472,-0.0257,-0.0213,-0.0024,-0.0016,-0.0001,-0.0001
-0.4223,-0.0630,-0.0311,-0.0034,-0.0025,-0.0002,-0.0001
-0.3596,-0.0179,-0.0555,-0.0069,-0.0050,-0.0003,-0.0004
-0.4230,0.0172,-0.0330,0.0016,-0.0011,0.0000,-0.0000
-0.2791,0.0038,-0.0859,-0.0139,-0.0090,-0.0017,-0.0005
-0.4420,0.0320,-0.0246,0.0016,-0.0010,0.0000,-0.0000
-0.4013,0.0090,-0.0413,0.0001,-0.0020,0.0000,-0.0001
-0.4219,-0.0484,-0.0330,-0.0045,-0.0014,-0.0001,-0.0000
-0.3184,-0.0077,-0.0710,-0.0137,-0.0071,-0.0013,-0.0004
-0.4374,0.0618,-0.0267,0.0021,-0.0010,0.0001,-0.0000
-0.3801,-0.0030,-0.0504,-0.0017,-0.0023,-0.0001,-0.0001
-0.3953,-0.0107,-0.0430,-0.0023,-0.0027,-0.0001,-0.0002
-0.3484,-0.0023,-0.0615,-0.0032,-0.0044,-0.0003,-0.0002
-0.4294,-0.0221,-0.0302,-0.0020,-0.0010,-0.0000,-0.0000
-0.2872,-0.0033,-0.0832,0.0051,-0.0082,0.0009,-0.0006
-0.2997,0.0071,-0.0759,0.0151,-0.0093,0.0018,-0.0007
-0.4110,-0.0225,-0.0363,-0.0071,-0.0025,-0.0003,-0.0001
-0.3187,-0.0058,-0.0709,-0.0034,-0.0069,-0.0003,-0.0005
-0.3374,0.0112,-0.0642,0.0081,-0.0059,0.0008,-0.0004
-0.4018,0.0166,-0.0414,0.0033,-0.0018,0.0001,-0.0000
-0.4290,0.0371,-0.0289,0.0011,-0.0020,0.0001,-0.0001
-0.4074,-0.0292,-0.0371,0.0032,-0.0030,0.0002,-0.0002
-0.4262,-0.0411,-0.0314,-0.0035,-0.0011,-0.0001,-0.0000
-0.3892,0.0114,-0.0458,-0.0006,-0.0026,0.0000,-0.0002
-0.3088,-0.0061,-0.0744,-0.0136,-0.0077,-0.0014,-0.0005
-0.4464,0.0124,-0.0209,0.0034,-0.0021,0.0001,-0.0001
-0.4351,-0.0126,-0.0272,-0.0034,-0.0013,-0.0000,-0.0000
-0.2791,0.0033,-0.0855,-0.0062,-0.0091,-0.0008,-0.0006
-0.2904,-0.0021,-0.0841,0.0036,-0.0068,0.0004,-0.0003
-0.2988,-0.0011,-0.0793,0.0082,-0.0074,0.0008,-0.0004
-0.3121,0.0025,-0.0737,0.0020,-0.0071,-0.0001,-0.0005
-0.2737,0.0046,-0.0878,-0.0067,-0.0092,-0.0010,-0.0006
-0.3322,-0.0021,-0.0681,-0.0004,-0.0049,-0.0000,-0.0002
-0.4303,-0.0085,-0.0270,0.0012,-0.0027,0.0001,-0.0003
-0.3395,0.0046,-0.0642,0.0003,-0.0052,-0.0002,-0.0003
-0.3341,-0.0022,-0.0676,-0.0028,-0.0047,-0.0002,-0.0002
-0.4350,-0.0818,-0.0275,-0.0029,-0.0011,-0.0001,-0.0000
-0.2910,-0.0024,-0.0820,0.0096,-0.0080,0.0010,-0.0004
-0.4274,-0.0214,-0.0296,-0.0026,-0.0020,-0.0001,-0.0001
-0.2740,-0.0035,-0.0864,0.0112,-0.0101,0.0017,-0.0007
-0.3225,0.0140,-0.0684,0.0085,-0.0076,0.0008,-0.0005
-0.4210,0.0420,-0.0322,0.0012,-0.0022,0.0001,-0.0001
-0.4003,0.0484,-0.0410,0.0018,-0.0024,0.0002,-0.0002
-0.3645,-0.0023,-0.0556,-0.0029,-0.0035,-0.0002,-0.0002
-0.3039,0.0002,-0.0774,-0.0047,-0.0072,-0.0004,-0.0004
-0.2785,-0.0049,-0.0869,0.0112,-0.0085,0.0014,-0.0004
-0.3103,-0.0083,-0.0727,-0.0108,-0.0083,-0.0010,-0.0005
-0.4426,0.0012,-0.0247,-0.0005,-0.0007,0.0000,-0.0000
-0.4151,0.0197,-0.0344,0.0035,-0.0025,0.0001,-0.0002
-0.4251,0.0747,-0.0312,0.0024,-0.0016,0.0001,-0.0001
-0.3577,0.0063,-0.0577,0.0051,-0.0041,0.0004,-0.0002
-0.3963,0.0260,-0.0430,0.0035,-0.0024,0.0002,-0.0001
-0.3153,-0.0078,-0.0711,-0.0118,-0.0079,-0.0011,-0.0006
-0.3473,0.0080,-0.0617,0.0024,-0.0046,0.0002,-0.0002
-0.2661,0.0055,-0.0899,-0.0095,-0.0101,-0.0010,-0.0007
-0.3005,0.0017,-0.0796,-0.0083,-0.0068,-0.0009,-0.0003
-0.4095,0.0083,-0.0382,0.0004,-0.0016,0.0000,-0.0000
-0.4220,0.0519,-0.0332,0.0042,-0.0012,0.0001,-0.0000
-0.3984,-0.0035,-0.0405,-0.0037,-0.0033,-0.0003,-0.0003
-0.2997,0.0027,-0.0779,0.0130,-0.0081,0.0016,-0.0005
-0.4393,0.0406,-0.0263,0.0010,-0.0006,0.0000,-0.0000
-0.4224,0.0063,-0.0317,-0.0019,-0.0021,-0.0000,-0.0001
-0.3373,-0.0105,-0.0652,-0.0093,-0.0053,-0.0009,-0.0003
-0.4176,0.0258,-0.0342,0.0014,-0.0019,0.0001,-0.0001
-0.4462,0.0166,-0.0206,-0.0033,-0.0023,-0.0001,-0.0002
-0.3732,-0.0007,-0.0527,0.0008,-0.0029,0.0000,-0.0001
-0.4217,-0.0055,-0.0332,-0.0013,-0.0013,-0.0000,-0.0000
-0.3219,0.0009,-0.0718,0.0056,-0.0055,0.0006,-0.0003
-0.4036,-0.0355,-0.0400,0.0010,-0.0022,-0.0000,-0.0001
-0.4234,-0.0771,-0.0321,-0.0031,-0.0015,-0.0001,-0.0001
-0.3045,0.0018,-0.0779,-0.0025,-0.0066,-0.0005,-0.0004
-0.2758,0.0016,-0.0873,-0.0020,-0.0090,-0.0003,-0.0005
-0.3262,-0.0097,-0.0680,-0.0069,-0.0067,-0.0005,-0.0004
-0.3701,-0.0099,-0.0528,-0.0013,-0.0037,-0.0001,-0.0002
-0.4161,0.0382,-0.0356,0.0033,-0.0014,0.0001,-0.0000
-0.3115,0.0017,-0.0744,-0.0066,-0.0068,-0.0010,-0.0005
-0.3794,0.0023,-0.0486,-0.0007,-0.0036,-0.0001,-0.0003
-0.2733,0.0035,-0.0862,-0.0149,-0.0104,-0.0020,-0.0008
-0.2691,0.0054,-0.0882,-0.0106,-0.0102,-0.0014,-0.0008
-0.4371,0.0158,-0.0257,-0.0011,-0.0017,0.0000,-0.0001
-0.4256,0.0555,-0.0310,-0.0002,-0.0016,0.0001,-0.0001
-0.4011,0.0348,-0.0413,0.0019,-0.0021,0.0002,-0.0001
-0.2819,-0.0026,-0.0839,0.0114,-0.0094,0.0013,-0.0006
-0.3686,-0.0245,-0.0537,-0.0058,-0.0036,-0.0004,-0.0002
-0.4227,0.0575,-0.0309,-0.0004,-0.0025,0.0000,-0.0002
-0.3882,0.0361,-0.0457,0.0065,-0.0030,0.0004,-0.0001
-0.4014,0.0491,-0.0411,0.0056,-0.0021,0.0002,-0.0001
-0.4348,0.0109,-0.0276,-0.0006,-0.0011,0.0000,-0.0000
-0.4152,-0.0306,-0.0335,0.0007,-0.0029,0.0001,-0.0002
-0.4125,-0.0001,-0.0350,-0.0014,-0.0028,-0.0000,-0.0002
-0.3491,0.0107,-0.0600,0.0073,-0.0051,0.0007,-0.0004
-0.3424,0.0055,-0.0632,0.0042,-0.0051,0.0004,-0.0003
-0.4151,-0.0168,-0.0358,-0.0016,-0.0015,-0.0001,-0.0000
-0.3380,-0.0009,-0.0648,0.0021,-0.0052,0.0003,-0.0003
-0.4190,-0.0147,-0.0328,0.0018,-0.0023,-0.0000,-0.0002
-0.4282,0.0378,-0.0307,0.0023,-0.0010,0.0001,-0.0000
-0.3255,-0.0060,-0.0693,-0.0080,-0.0061,-0.0007,-0.0003
-0.3087,-0.0058,-0.0731,-0.0132,-0.0085,-0.0011,-0.0007
-0.2959,0.0006,-0.0803,-0.0122,-0.0076,-0.0014,-0.0004
-0.4224,0.0438,-0.0328,0.0045,-0.0014,0.0001,-0.0000
-0.2775,0.0039,-0.0872,-0.0049,-0.0085,-0.0008,-0.0005
-0.2985,-0.0005,-0.0792,-0.0135,-0.0077,-0.0015,-0.0004
-0.4062,0.0232,-0.0381,-0.0004,-0.0026,0.0000,-0.0002
-0.2822,-0.0016,-0.0861,0.0022,-0.0079,0.0003,-0.0004
-0.3409,0.0012,-0.0641,0.0005,-0.0048,-0.0001,-0.0004
-0.3140,0.0048,-0.0729,0.0078,-0.0071,0.0010,-0.0005
-0.4279,0.0160,-0.0307,0.0010,-0.0011,0.0000,-0.0000
-0.2911,-0.0009,-0.0800,-0.0070,-0.0092,-0.0007,-0.0006
-0.4366,0.0084,-0.0264,0.0017,-0.0014,0.0000,-0.0000
-0.4334,0.0696,-0.0285,0.0029,-0.0009,0.0001,-0.0000
-0.2888,-0.0027,-0.0817,0.0071,-0.0087,0.0012,-0.0007
-0.3120,-0.0009,-0.0746,0.0091,-0.0065,0.0009,-0.0005
-0.3708,-0.0277,-0.0527,-0.0053,-0.0036,-0.0004,-0.0002
-0.4136,0.0384,-0.0352,0.0043,-0.0024,0.0002,-0.0001
-0.4245,-0.0341,-0.0308,-0.0004,-0.0020,-0.0001,-0.0001
-0.4409,-0.0196,-0.0243,0.0019,-0.0015,-0.0000,-0.0001
-0.3066,-0.0056,-0.0742,-0.0098,-0.0083,-0.0014,-0.0007
-0.4338,0.0234,-0.0263,-0.0027,-0.0023,-0.0001,-0.0002
-0.4346,0.0208,-0.0278,-0.0005,-0.0010,0.0000,-0.0000
-0.3957,0.0243,-0.0438,0.0052,-0.0021,0.0002,-0.0001
-0.4393,-0.0170,-0.0252,-0.0005,-0.0014,-0.0000,-0.0000
-0.4032,-0.0006,-0.0402,0.0002,-0.0022,-0.0000,-0.0001
-0.3145,-0.0012,-0.0743,-0.0042,-0.0061,-0.0004,-0.0003
-0.3778,-0.0602,-0.0497,-0.0019,-0.0034,-0.0003,-0.0002
-0.3346,0.0039,-0.0670,0.0058,-0.0049,0.0005,-0.0002
-0.3076,-0.0004,-0.0769,0.0026,-0.0063,0.0001,-0.0004
-0.3726,-0.0191,-0.0518,-0.0046,-0.0036,-0.0003,-0.0003
-0.3493,-0.0119,-0.0613,-0.0075,-0.0043,-0.0006,-0.0002
-0.3800,0.0165,-0.0489,0.0066,-0.0033,0.0004,-0.0002
-0.3864,0.0041,-0.0479,0.0019,-0.0021,0.0001,-0.0001
-0.3467,0.0038,-0.0627,0.0041,-0.0041,0.0003,-0.0002
-0.3316,-0.0113,-0.0672,-0.0113,-0.0057,-0.0010,-0.0003
-0.3991,-0.0405,-0.0417,-0.0045,-0.0024,-0.0003,-0.0001
-0.4401,-0.0509,-0.0229,-0.0015,-0.0026,-0.0001,-0.0002
-0.2777,0.0030,-0.0822,0.0132,-0.0117,0.0020,-0.0009
-0.3396,-0.0022,-0.0642,-0.0070,-0.0051,-0.0007,-0.0004
-0.2778,0.0022,-0.0869,-0.0028,-0.0086,-0.0004,-0.0005
-0.4274,0.0645,-0.0284,0.0010,-0.0027,0.0000,-0.0002
-0.3487,-0.0018,-0.0628,-0.0020,-0.0035,-0.0001,-0.0001
-0.3144,0.0116,-0.0712,0.0066,-0.0080,0.0007,-0.0006
-0.3657,0.0101,-0.0553,0.0052,-0.0034,0.0003,-0.0001
-0.3512,0.0050,-0.0608,0.0005,-0.0041,0.0000,-0.0002
-0.3347,0.0065,-0.0655,0.0042,-0.0057,0.0005,-0.0004
-0.3139,-0.0015,-0.0739,0.0005,-0.0065,0.0001,-0.0003
-0.4185,-0.0127,-0.0320,-0.0065,-0.0030,-0.0004,-0.0002
-0.3611,0.0151,-0.0557,0.0089,-0.0044,0.0007,-0.0003
-0.3266,-0.0065,-0.0693,-0.0096,-0.0058,-0.0009,-0.0003
-0.3802,-0.0171,-0.0497,-0.0039,-0.0028,-0.0002,-0.0001
-0.4221,-0.0046,-0.0334,-0.0012,-0.0010,-0.0000,-0.0000
-0.3414,-0.0055,-0.0639,-0.0071,-0.0049,-0.0006,-0.0003
-0.3213,-0.0010,-0.0710,-0.0041,-0.0062,-0.0004,-0.0004
-0.3627,-0.0065,-0.0572,-0.0041,-0.0030,-0.0003,-0.0001
-0.3006,-0.0001,-0.0787,-0.0107,-0.0073,-0.0011,-0.0004
-0.3058,0.0003,-0.0775,-0.0036,-0.0066,-0.0002,-0.0003
-0.4251,0.0062,-0.0310,-0.0005,-0.0018,0.0000,-0.0001
-0.4287,0.0050,-0.0280,0.0029,-0.0026,0.0002,-0.0002
-0.3316,-0.0046,-0.0676,-0.0054,-0.0054,-0.0004,-0.0003
-0.3559,0.0368,-0.0574,0.0023,-0.0049,0.0003,-0.0003
-0.4113,-0.0450,-0.0374,-0.0050,-0.0016,-0.0002,-0.0000
-0.3521,0.0112,-0.0598,0.0021,-0.0044,0.0002,-0.0002
-0.3379,0.0061,-0.0651,0.0030,-0.0052,0.0003,-0.0003
-0.4337,0.0387,-0.0262,-0.0003,-0.0023,0.0000,-0.0002
-0.3150,-0.0129,-0.0704,-0.0124,-0.0084,-0.0014,-0.0006
-0.3112,-0.0005,-0.0751,-0.0072,-0.0065,-0.0008,-0.0003
-0.3875,0.0319,-0.0454,0.0039,-0.0034,0.0003,-0.0002
-0.2630,-0.0043,-0.0923,0.0051,-0.0093,0.0006,-0.0007
-0.3346,0.0000,-0.0676,0.0010,-0.0045,0.0001,-0.0002
-0.3033,-0.0021,-0.0761,-0.0119,-0.0081,-0.0013,-0.0006
-0.3862,0.0083,-0.0466,0.0035,-0.0030,0.0002,-0.0002
-0.3235,0.0002,-0.0726,-0.0010,-0.0045,-0.0001,-0.0001
-0.4363,0.0309,-0.0250,-0.0018,-0.0024,-0.0000,-0.0002
-0.3385,0.0043,-0.0644,-0.0014,-0.0054,-0.0002,-0.0004
-0.3780,0.0030,-0.0494,0.0022,-0.0035,0.0001,-0.0003
-0.4428,0.0553,-0.0247,0.0017,-0.0006,0.0001,-0.0000
-0.4307,0.0716,-0.0294,0.0034,-0.0012,0.0001,-0.0000
-0.3393,0.0090,-0.0644,0.0040,-0.0052,0.0003,-0.0003
-0.2774,-0.0017,-0.0845,0.0096,-0.0103,0.0015,-0.0008
-0.2724,-0.0028,-0.0862,0.0109,-0.0107,0.0015,-0.0007
-0.4232,0.0162,-0.0301,0.0050,-0.0029,0.0003,-0.0002
-0.4124,0.0481,-0.0363,0.0049,-0.0020,0.0002,-0.0001
-0.3423,0.0187,-0.0620,0.0091,-0.0059,0.0008,-0.0004
-0.3802,-0.0237,-0.0483,-0.0050,-0.0037,-0.0003,-0.0002
-0.3042,-0.0017,-0.0768,-0.0098,-0.0075,-0.0011,-0.0004
-0.4090,0.0172,-0.0388,0.0023,-0.0014,0.0001,-0.0000
-0.4043,0.0823,-0.0395,0.0012,-0.0023,0.0002,-0.0002
-0.2875,0.0021,-0.0833,-0.0041,-0.0082,-0.0006,-0.0005
-0.3022,0.0046,-0.0762,0.0088,-0.0084,0.0012,-0.0006
-0.3910,-0.0207,-0.0456,-0.0035,-0.0023,-0.0002,-0.0001
-0.3849,-0.0242,-0.0471,-0.0044,-0.0031,-0.0003,-0.0001
-0.3157,-0.0041,-0.0722,-0.0031,-0.0070,-0.0003,-0.0005
-0.4439,0.0654,-0.0221,0.0041,-0.0021,0.0002,-0.0001
-0.3715,0.0084,-0.0532,0.0037,-0.0030,0.0002,-0.0001
-0.3324,-0.0060,-0.0667,-0.0046,-0.0057,-0.0005,-0.0004
-0.2732,0.0002,-0.0893,-0.0008,-0.0085,0.0000,-0.0004
-0.3628,0.0202,-0.0550,0.0041,-0.0044,0.0003,-0.0003
-0.3197,-0.0003,-0.0725,0.0009,-0.0057,0.0001,-0.0003
-0.3128,0.0003,-0.0758,-0.0068,-0.0056,-0.0006,-0.0002
-0.3099,-0.0027,-0.0752,-0.0089,-0.0069,-0.0009,-0.0003
-0.2907,-0.0031,-0.0824,0.0096,-0.0078,0.0012,-0.0005
-0.4377,-0.0241,-0.0265,-0.0017,-0.0010,-0.0000,-0.0000
-0.3133,0.0037,-0.0732,0.0066,-0.0071,0.0008,-0.0005
-0.3223,0.0108,-0.0684,0.0140,-0.0075,0.0012,-0.0005
-0.3287,-0.0036,-0.0685,-0.0062,-0.0056,-0.0005,-0.0003
-0.3517,-0.0189,-0.0594,-0.0040,-0.0048,-0.0004,-0.0003
-0.3548,-0.0183,-0.0579,-0.0065,-0.0048,-0.0006,-0.0003
-0.4324,-0.0655,-0.0290,-0.0037,-0.0009,-0.0001,-0.0000
-0.3364,-0.0133,-0.0644,-0.0084,-0.0060,-0.0008,-0.0004
-0.4275,-0.0034,-0.0286,-0.0050,-0.0026,-0.0002,-0.0002
-0.3737,0.0096,-0.0523,0.0030,-0.0030,0.0002,-0.0001
-0.3698,0.0209,-0.0535,0.0063,-0.0033,0.0004,-0.0001
-0.3968,-0.0070,-0.0429,0.0008,-0.0023,0.0000,-0.0001
-0.4233,-0.0051,-0.0303,0.0047,-0.0028,0.0003,-0.0002
-0.4148,0.0337,-0.0354,0.0049,-0.0019,0.0002,-0.0001
-0.3758,0.0021,-0.0501,0.0014,-0.0037,0.0001,-0.0003
-0.2637,0.0069,-0.0914,-0.0134,-0.0099,-0.0018,-0.0006
-0.3161,0.0063,-0.0722,0.0105,-0.0070,0.0012,-0.0004
-0.3385,0.0134,-0.0649,0.0103,-0.0052,0.0009,-0.0002
-0.4064,-0.0288,-0.0395,-0.0046,-0.0017,-0.0002,-0.0000
-0.3109,0.0002,-0.0765,-0.0027,-0.0057,-0.0002,-0.0002
-0.2934,0.0010,-0.0800,-0.0095,-0.0085,-0.0008,-0.0006
-0.2824,0.0015,-0.0848,-0.0040,-0.0086,-0.0001,-0.0006
-0.3814,-0.0086,-0.0481,0.0048,-0.0034,0.0003,-0.0002
-0.3761,0.0188,-0.0506,0.0056,-0.0033,0.0004,-0.0002
-0.3432,-0.0161,-0.0630,-0.0106,-0.0050,-0.0009,-0.0002
-0.3152,-0.0026,-0.0726,-0.0023,-0.0069,-0.0000,-0.0005
-0.4150,0.0147,-0.0355,-0.0047,-0.0018,-0.0001,-0.0001
-0.2918,-0.0002,-0.0822,0.0022,-0.0076,-0.0001,-0.0005
-0.2877,-0.0019,-0.0827,0.0108,-0.0085,0.0013,-0.0005
-0.4459,0.0276,-0.0231,0.0015,-0.0008,0.0000,-0.0000
-0.3342,-0.0058,-0.0660,-0.0018,-0.0057,-0.0001,-0.0004
-0.3038,0.0037,-0.0766,0.0132,-0.0077,0.0015,-0.0005
-0.4431,0.0160,-0.0243,0.0019,-0.0008,0.0000,-0.0000
-0.4143,-0.0391,-0.0356,-0.0025,-0.0020,-0.0001,-0.0001
-0.4050,0.0158,-0.0391,-0.0017,-0.0023,-0.0000,-0.0002
-0.4004,0.0291,-0.0418,0.0048,-0.0020,0.0002,-0.0001
-0.2811,-0.0029,-0.0852,0.0064,-0.0088,0.0006,-0.0005
-0.3033,-0.0008,-0.0787,0.0026,-0.0065,0.0003,-0.0003
-0.3872,0.0152,-0.0451,-0.0005,-0.0036,-0.0002,-0.0003
-0.2784,-0.0029,-0.0852,0.0153,-0.0095,0.0020,-0.0006
-0.4297,-0.0204,-0.0298,-0.0015,-0.0012,-0.0000,-0.0000
-0.4209,-0.0613,-0.0329,-0.0017,-0.0017,-0.0001,-0.0001
-0.3257,0.0019,-0.0697,0.0018,-0.0057,0.0002,-0.0003
-0.3590,-0.0074,-0.0565,-0.0025,-0.0045,-0.0001,-0.0003
-0.3851,0.0391,-0.0468,0.0044,-0.0033,0.0003,-0.0002
-0.3503,-0.0003,-0.0610,-0.0012,-0.0042,-0.0001,-0.0002
-0.2946,0.0025,-0.0783,0.0073,-0.0091,0.0011,-0.0007
-0.3926,0.0323,-0.0441,0.0008,-0.0027,0.0001,-0.0001
-0.4168,0.0231,-0.0333,-0.0002,-0.0026,0.0000,-0.0002
-0.3589,-0.0265,-0.0568,-0.0075,-0.0044,-0.0006,-0.0002
-0.3087,-0.0004,-0.0763,0.0031,-0.0065,0.0004,-0.0003
-0.4068,0.0041,-0.0386,0.0041,-0.0022,0.0001,-0.0001
-0.2640,0.0066,-0.0899,-0.0120,-0.0105,-0.0021,-0.0009
-0.3153,-0.0041,-0.0727,-0.0057,-0.0069,-0.0006,-0.0004
-0.4074,-0.0366,-0.0384,-0.0056,-0.0021,-0.0002,-0.0001
-0.3536,0.0050,-0.0591,0.0054,-0.0044,0.0004,-0.0003
-0.2819,0.0031,-0.0845,-0.0131,-0.0090,-0.0017,-0.0006
-0.4121,-0.0688,-0.0364,-0.0024,-0.0020,-0.0002,-0.0001
-0.2859,-0.0017,-0.0840,0.0019,-0.0082,0.0004,-0.0005
-0.4257,-0.0500,-0.0295,-0.0015,-0.0026,-0.0001,-0.0002
-0.2929,-0.0029,-0.0805,0.0109,-0.0082,0.0014,-0.0007
-0.3141,-0.0003,-0.0754,0.0061,-0.0055,0.0006,-0.0002
-0.3678,-0.0052,-0.0537,-0.0041,-0.0038,-0.0003,-0.0002
-0.2762,0.0035,-0.0861,-0.0127,-0.0096,-0.0019,-0.0006
-0.3642,0.0063,-0.0564,0.0027,-0.0031,0.0002,-0.0001
-0.2672,-0.0022,-0.0863,0.0199,-0.0119,0.0026,-0.0010
-0.3562,0.0086,-0.0585,0.0051,-0.0041,0.0004,-0.0002
-0.4374,0.0560,-0.0266,0.0012,-0.0010,0.0001,-0.0000
-0.2730,-0.0053,-0.0879,0.0122,-0.0094,0.0016,-0.0006
-0.3509,-0.0054,-0.0609,-0.0045,-0.0041,-0.0003,-0.0002
-0.4058,-0.0194,-0.0393,-0.0043,-0.0020,-0.0002,-0.0001
-0.4416,-0.0413,-0.0227,-0.0032,-0.0023,-0.0001,-0.0002
-0.3857,0.0036,-0.0463,-0.0015,-0.0032,-0.0001,-0.0003
-0.3440,0.0092,-0.0618,0.0078,-0.0054,0.0004,-0.0004
-0.3230,-0.0006,-0.0706,0.0040,-0.0060,0.0005,-0.0004
-0.2760,-0.0041,-0.0868,0.0123,-0.0093,0.0016,-0.0005
-0.4188,0.0300,-0.0319,0.0002,-0.0029,-0.0000,-0.0003
-0.3412,-0.0026,-0.0646,-0.0026,-0.0045,-0.0002,-0.0002
-0.3677,-0.0247,-0.0522,-0.0078,-0.0048,-0.0005,-0.0003
-0.3368,-0.0115,-0.0648,-0.0093,-0.0057,-0.0008,-0.0003
-0.2704,0.0050,-0.0879,-0.0066,-0.0100,-0.0013,-0.0008
-0.3363,0.0130,-0.0640,0.0102,-0.0063,0.0009,-0.0004
-0.3402,-0.0145,-0.0642,-0.0110,-0.0051,-0.0009,-0.0002
-0.3424,-0.0029,-0.0632,-0.0065,-0.0050,-0.0006,-0.0003
-0.2708,-0.0035,-0.0886,0.0017,-0.0095,0.0009,-0.0007
-0.4251,-0.0381,-0.0309,0.0012,-0.0018,-0.0000,-0.0001
-0.3112,-0.0001,-0.0750,-0.0068,-0.0066,-0.0007,-0.0004
-0.2826,-0.0033,-0.0859,0.0051,-0.0079,0.0006,-0.0004
-0.3006,0.0022,-0.0790,-0.0054,-0.0071,-0.0008,-0.0004
-0.3547,0.0094,-0.0586,0.0021,-0.0044,0.0002,-0.0003
-0.4096,0.0239,-0.0385,0.0017,-0.0014,0.0001,-0.0000
-0.3467,-0.0032,-0.0636,-0.0032,-0.0036,-0.0002,-0.0001
-0.2948,-0.0005,-0.0813,0.0018,-0.0073,0.0001,-0.0004
-0.3895,-0.0011,-0.0463,-0.0005,-0.0023,-0.0000,-0.0001
-0.4258,0.0288,-0.0305,-0.0015,-0.0019,0.0000,-0.0001
-0.3532,-0.0025,-0.0602,-0.0011,-0.0038,-0.0001,-0.0002
-0.4086,0.0514,-0.0380,0.0044,-0.0020,0.0002,-0.0001
-0.3696,0.0001,-0.0546,-0.0008,-0.0026,-0.0000,-0.0001
-0.3588,0.0120,-0.0568,0.0055,-0.0044,0.0004,-0.0003
-0.2730,-0.0043,-0.0871,0.0145,-0.0099,0.0019,-0.0006
-0.3827,-0.0468,-0.0476,-0.0043,-0.0034,-0.0004,-0.0002
-0.3454,-0.0090,-0.0613,-0.0055,-0.0053,-0.0004,-0.0004
-0.3738,-0.0079,-0.0513,-0.0001,-0.0036,0.0000,-0.0002
-0.3108,0.0037,-0.0740,0.0077,-0.0073,0.0010,-0.0005
-0.3450,-0.0012,-0.0626,-0.0025,-0.0045,-0.0002,-0.0004
-0.3228,-0.0079,-0.0703,-0.0114,-0.0063,-0.0011,-0.0003
-0.3818,-0.0244,-0.0486,-0.0062,-0.0030,-0.0004,-0.0001
-0.3512,-0.0117,-0.0600,-0.0057,-0.0046,-0.0005,-0.0003
-0.2960,-0.0001,-0.0797,0.0100,-0.0080,0.0013,-0.0005
-0.3261,-0.0027,-0.0694,-0.0085,-0.0058,-0.0009,-0.0003
-0.3097,0.0029,-0.0741,0.0087,-0.0075,0.0012,-0.0005
-0.3094,0.0028,-0.0747,0.0052,-0.0073,0.0006,-0.0005
-0.2808,-0.0014,-0.0832,0.0063,-0.0100,0.0010,-0.0008
-0.4225,0.0383,-0.0329,0.0005,-0.0013,0.0000,-0.0001
-0.3480,0.0063,-0.0604,0.0069,-0.0051,0.0005,-0.0004
-0.2777,-0.0019,-0.0839,0.0086,-0.0104,0.0017,-0.0009
-0.3342,-0.0030,-0.0666,-0.0059,-0.0052,-0.0006,-0.0003
-0.3870,0.0137,-0.0466,0.0004,-0.0028,0.0001,-0.0001
-0.3875,-0.0123,-0.0451,-0.0058,-0.0035,-0.0004,-0.0003
-0.4027,0.0171,-0.0388,0.0000,-0.0031,-0.0001,-0.0003
-0.3181,-0.0018,-0.0720,-0.0102,-0.0064,-0.0010,-0.0004
-0.3339,-0.0038,-0.0673,-0.0058,-0.0049,-0.0005,-0.0002
-0.2720,-0.0055,-0.0889,0.0092,-0.0091,0.0012,-0.0005
-0.3905,0.0288,-0.0456,0.0058,-0.0024,0.0003,-0.0001
-0.2988,-0.0001,-0.0786,0.0063,-0.0079,0.0007,-0.0005
-0.4025,-0.0201,-0.0406,-0.0019,-0.0021,-0.0001,-0.0001
-0.2966,-0.0009,-0.0804,0.0009,-0.0073,0.0002,-0.0004
-0.2790,-0.0031,-0.0855,0.0105,-0.0093,0.0013,-0.0005
-0.3250,0.0000,-0.0709,0.0020,-0.0052,0.0002,-0.0002
-0.3679,0.0073,-0.0530,-0.0036,-0.0042,-0.0004,-0.0003
-0.2900,0.0030,-0.0815,-0.0057,-0.0084,-0.0010,-0.0007
-0.3969,0.0102,-0.0421,-0.0028,-0.0028,-0.0001,-0.0001
-0.3988,-0.0065,-0.0410,-0.0051,-0.0029,-0.0002,-0.0002
-0.2746,-0.0023,-0.0825,-0.0200,-0.0122,-0.0026,-0.0011
-0.4118,-0.0002,-0.0356,0.0045,-0.0027,0.0002,-0.0002
-0.3531,0.0123,-0.0601,0.0055,-0.0040,0.0004,-0.0002
-0.2896,-0.0013,-0.0819,0.0078,-0.0085,0.0008,-0.0005
-0.3594,-0.0051,-0.0580,-0.0006,-0.0035,-0.0001,-0.0001
-0.4081,0.0005,-0.0385,0.0008,-0.0019,0.0000,-0.0001
-0.3139,-0.0117,-0.0712,-0.0067,-0.0082,-0.0007,-0.0006
-0.4303,0.0235,-0.0277,-0.0004,-0.0023,0.0000,-0.0002
-0.3668,0.0042,-0.0545,0.0039,-0.0035,0.0002,-0.0002
-0.3003,0.0010,-0.0776,0.0090,-0.0080,0.0013,-0.0006
-0.3287,-0.0009,-0.0689,-0.0015,-0.0054,-0.0001,-0.0003
-0.4020,0.0054,-0.0398,-0.0023,-0.0028,-0.0001,-0.0002
-0.3492,-0.0106,-0.0607,-0.0089,-0.0047,-0.0007,-0.0003
-0.2925,-0.0012,-0.0813,0.0106,-0.0080,0.0012,-0.0004
-0.3901,0.0042,-0.0456,-0.0000,-0.0025,0.0000,-0.0001
-0.3810,0.0105,-0.0481,-0.0002,-0.0035,-0.0000,-0.0002
-0.3824,-0.0054,-0.0491,-0.0009,-0.0025,-0.0001,-0.0001
-0.3865,-0.0139,-0.0475,-0.0043,-0.0023,-0.0002,-0.0001
-0.4185,-0.0569,-0.0321,-0.0016,-0.0029,-0.0001,-0.0003
-0.4100,-0.0186,-0.0357,-0.0034,-0.0031,-0.0001,-0.0003
-0.3901,-0.0017,-0.0447,-0.0007,-0.0030,-0.0000,-0.0002
-0.2840,-0.0018,-0.0833,0.0095,-0.0092,0.0012,-0.0006
-0.4062,0.0332,-0.0392,0.0021,-0.0019,0.0001,-0.0001
-0.3475,-0.0077,-0.0628,-0.0064,-0.0039,-0.0004,-0.0001
-0.2662,-0.0058,-0.0908,0.0079,-0.0095,0.0011,-0.0006
-0.3912,-0.0162,-0.0437,0.0030,-0.0034,0.0002,-0.0002
-0.2764,0.0032,-0.0862,-0.0074,-0.0095,-0.0007,-0.0006
-0.3721,-0.0405,-0.0506,-0.0035,-0.0045,-0.0003,-0.0003
-0.3306,-0.0105,-0.0674,-0.0101,-0.0059,-0.0009,-0.0003
-0.2761,0.0039,-0.0869,-0.0078,-0.0091,-0.0005,-0.0006
-0.2875,0.0036,-0.0820,-0.0114,-0.0087,-0.0015,-0.0008
-0.3912,-0.0211,-0.0436,-0.0014,-0.0034,0.0000,-0.0003
-0.3386,0.0141,-0.0635,0.0084,-0.0059,0.0008,-0.0004
-0.2816,0.0046,-0.0855,-0.0096,-0.0084,-0.0013,-0.0005
-0.3505,0.0032,-0.0617,0.0008,-0.0037,0.0000,-0.0001
-0.3867,-0.0068,-0.0463,-0.0002,-0.0030,0.0000,-0.0002
-0.3969,-0.0398,-0.0416,-0.0060,-0.0031,-0.0004,-0.0002
-0.2721,-0.0048,-0.0879,0.0133,-0.0097,0.0019,-0.0006
-0.2623,-0.0072,-0.0903,0.0160,-0.0106,0.0023,-0.0010
-0.2908,-0.0038,-0.0818,0.0062,-0.0080,0.0011,-0.0006
-0.3036,-0.0007,-0.0772,0.0079,-0.0073,0.0009,-0.0005
-0.2765,-0.0031,-0.0816,-0.0168,-0.0123,-0.0021,-0.0010
-0.3663,0.0197,-0.0545,0.0016,-0.0037,0.0001,-0.0002
-0.3496,0.0086,-0.0617,0.0063,-0.0040,0.0004,-0.0001
-0.3966,0.0241,-0.0428,0.0039,-0.0025,0.0002,-0.0001
-0.3328,-0.0042,-0.0670,-0.0048,-0.0054,-0.0004,-0.0003
-0.3765,0.0120,-0.0516,0.0039,-0.0026,0.0002,-0.0001
-0.3935,-0.0141,-0.0446,-0.0008,-0.0022,-0.0001,-0.0001
-0.3948,0.0239,-0.0430,0.0070,-0.0028,0.0003,-0.0001
