-0.4133,0.0043,-0.0335,0.0020,-0.0036,0.0001,-0.0002
-0.3846,0.0913,-0.0440,0.0032,-0.0049,0.0005,-0.0005
-0.2986,0.0067,-0.0775,0.0001,-0.0084,-0.0002,-0.0007
-0.2996,0.0026,-0.0788,-0.0004,-0.0074,-0.0001,-0.0005
-0.3264,-0.0058,-0.0705,-0.0015,-0.0050,-0.0001,-0.0002
-0.3365,-0.0068,-0.0633,-0.0031,-0.0065,-0.0002,-0.0007
-0.3262,-0.0147,-0.0695,-0.0082,-0.0058,-0.0007,-0.0003
-0.3535,-0.0213,-0.0586,-0.0075,-0.0048,-0.0006,-0.0003
-0.3637,-0.0171,-0.0522,-0.0080,-0.0058,-0.0007,-0.0006
-0.2591,0.0017,-0.0913,-0.0062,-0.0110,-0.0010,-0.0009
-0.3143,0.0070,-0.0719,-0.0031,-0.0075,-0.0006,-0.0007
-0.3002,-0.0040,-0.0790,-0.0034,-0.0072,-0.0003,-0.0004
-0.3945,-0.0009,-0.0408,-0.0011,-0.0043,-0.0001,-0.0004
-0.2783,-0.0012,-0.0847,0.0071,-0.0096,0.0012,-0.0009
-0.3174,0.0023,-0.0749,0.0024,-0.0049,0.0002,-0.0001
-0.3375,0.0151,-0.0651,0.0073,-0.0053,0.0006,-0.0003
-0.3287,0.0017,-0.0670,0.0078,-0.0065,0.0009,-0.0005
-0.2805,0.0028,-0.0848,0.0076,-0.0092,0.0009,-0.0006
-0.3086,0.0048,-0.0763,0.0067,-0.0065,0.0006,-0.0003
-0.3095,-0.0106,-0.0734,-0.0020,-0.0079,0.0001,-0.0007
-0.3642,-0.0275,-0.0517,-0.0017,-0.0059,-0.0000,-0.0006
-0.3471,0.0227,-0.0621,0.0076,-0.0044,0.0005,-0.0002
-0.3056,0.0047,-0.0771,0.0044,-0.0069,0.0004,-0.0004
-0.3157,-0.0042,-0.0742,-0.0018,-0.0058,-0.0001,-0.0003
-0.4010,0.0157,-0.0401,0.0002,-0.0029,0.0000,-0.0001
-0.3917,0.0108,-0.0411,0.0035,-0.0048,0.0003,-0.0005
-0.3962,-0.0006,-0.0424,-0.0001,-0.0028,-0.0000,-0.0001
-0.2757,-0.0006,-0.0885,0.0006,-0.0082,0.0001,-0.0004
-0.3914,0.0417,-0.0436,0.0066,-0.0034,0.0004,-0.0002
-0.2814,-0.0003,-0.0873,0.0053,-0.0074,0.0005,-0.0003
-0.3958,-0.0508,-0.0415,-0.0018,-0.0035,-0.0002,-0.0002
-0.3723,-0.0056,-0.0511,0.0032,-0.0041,0.0002,-0.0003
-0.2601,0.0015,-0.0941,-0.0039,-0.0093,-0.0005,-0.0004
-0.3773,0.0427,-0.0489,0.0040,-0.0041,0.0004,-0.0002
-0.2993,-0.0040,-0.0791,-0.0025,-0.0074,-0.0002,-0.0004
-0.3022,-0.0089,-0.0781,-0.0072,-0.0072,-0.0007,-0.0004
-0.4006,0.0799,-0.0383,0.0041,-0.0041,0.0005,-0.0003
-0.2648,-0.0000,-0.0906,-0.0031,-0.0100,-0.0003,-0.0007
-0.3352,-0.0247,-0.0638,-0.0037,-0.0066,-0.0004,-0.0006
-0.2900,0.0010,-0.0819,0.0016,-0.0082,0.0001,-0.0006
-0.3483,-0.0282,-0.0608,-0.0033,-0.0049,-0.0003,-0.0003
-0.3148,-0.0081,-0.0738,-0.0067,-0.0063,-0.0006,-0.0003
-0.3965,0.0457,-0.0399,0.0003,-0.0042,0.0001,-0.0004
-0.2796,0.0005,-0.0864,-0.0004,-0.0085,-0.0001,-0.0005
-0.2589,-0.0014,-0.0911,0.0064,-0.0113,0.0014,-0.0009
-0.3130,-0.0112,-0.0715,-0.0055,-0.0080,-0.0004,-0.0007
-0.3756,-0.0096,-0.0485,-0.0033,-0.0047,-0.0002,-0.0004
-0.2606,-0.0037,-0.0931,0.0070,-0.0097,0.0009,-0.0006
-0.3357,0.0108,-0.0643,-0.0009,-0.0062,-0.0002,-0.0005
-0.2713,-0.0008,-0.0885,0.0043,-0.0095,0.0006,-0.0006
-0.3326,0.0145,-0.0681,0.0072,-0.0048,0.0005,-0.0002
-0.3834,-0.0226,-0.0459,-0.0052,-0.0043,-0.0004,-0.0003
-0.3507,0.0071,-0.0610,0.0026,-0.0041,0.0002,-0.0002
-0.3316,0.0128,-0.0680,0.0060,-0.0051,0.0005,-0.0002
-0.4061,0.0198,-0.0360,0.0025,-0.0040,0.0002,-0.0003
-0.4000,0.0431,-0.0398,0.0007,-0.0034,0.0001,-0.0002
-0.2616,-0.0012,-0.0949,0.0023,-0.0084,0.0003,-0.0003
-0.2711,0.0013,-0.0864,-0.0083,-0.0107,-0.0009,-0.0009
-0.3977,-0.0245,-0.0392,-0.0032,-0.0043,-0.0002,-0.0004
-0.3176,0.0178,-0.0715,0.0039,-0.0069,0.0003,-0.0004
-0.2550,-0.0042,-0.0936,0.0071,-0.0109,0.0009,-0.0007
-0.3366,-0.0071,-0.0665,-0.0053,-0.0046,-0.0004,-0.0002
-0.3735,-0.0598,-0.0497,-0.0036,-0.0046,-0.0003,-0.0004
-0.3998,-0.0817,-0.0397,-0.0037,-0.0035,-0.0004,-0.0002
-0.3664,-0.0429,-0.0514,-0.0051,-0.0056,-0.0005,-0.0005
-0.3720,-0.0102,-0.0504,-0.0002,-0.0046,-0.0000,-0.0004
-0.2656,-0.0004,-0.0897,-0.0004,-0.0101,0.0001,-0.0009
-0.3387,-0.0178,-0.0635,-0.0038,-0.0059,-0.0003,-0.0004
-0.2853,0.0013,-0.0843,-0.0037,-0.0081,-0.0005,-0.0005
-0.3092,-0.0077,-0.0750,-0.0037,-0.0071,-0.0003,-0.0005
-0.3718,-0.0115,-0.0506,0.0038,-0.0046,0.0003,-0.0003
-0.3927,-0.0068,-0.0407,0.0019,-0.0048,0.0001,-0.0005
-0.2618,-0.0016,-0.0917,0.0026,-0.0099,0.0005,-0.0009
-0.3284,0.0134,-0.0678,0.0098,-0.0062,0.0009,-0.0004
-0.2659,0.0006,-0.0897,-0.0040,-0.0102,-0.0004,-0.0007
-0.4243,0.0192,-0.0320,0.0013,-0.0013,0.0000,0.0000
-0.3288,-0.0018,-0.0683,0.0006,-0.0057,0.0001,-0.0003
-0.4083,-0.0291,-0.0377,-0.0005,-0.0023,-0.0001,-0.0001
-0.3752,-0.0584,-0.0499,-0.0066,-0.0041,-0.0005,-0.0002
-0.2614,0.0023,-0.0925,-0.0078,-0.0099,-0.0011,-0.0005
-0.3104,0.0028,-0.0744,-0.0009,-0.0071,-0.0001,-0.0005
-0.3650,-0.0494,-0.0529,-0.0030,-0.0051,-0.0003,-0.0004
-0.3876,0.0332,-0.0466,0.0042,-0.0026,0.0002,-0.0000
-0.2908,0.0011,-0.0812,0.0051,-0.0084,0.0006,-0.0006
-0.2858,0.0004,-0.0850,-0.0065,-0.0076,-0.0007,-0.0004
-0.3708,0.0070,-0.0492,0.0049,-0.0055,0.0005,-0.0006
-0.2841,-0.0024,-0.0832,-0.0053,-0.0091,-0.0006,-0.0007
-0.2672,0.0004,-0.0894,-0.0060,-0.0100,-0.0009,-0.0007
-0.3813,-0.0032,-0.0489,0.0006,-0.0030,0.0000,-0.0001
-0.3014,0.0018,-0.0791,0.0046,-0.0068,0.0005,-0.0003
-0.3902,0.0077,-0.0413,0.0025,-0.0051,0.0002,-0.0005
-0.3646,-0.0253,-0.0553,-0.0058,-0.0037,-0.0004,-0.0001
-0.3850,-0.0496,-0.0456,-0.0069,-0.0040,-0.0005,-0.0003
-0.3752,0.0232,-0.0483,-0.0003,-0.0050,-0.0000,-0.0005
-0.4066,-0.0306,-0.0381,-0.0029,-0.0026,-0.0002,-0.0001
-0.2873,0.0003,-0.0858,0.0025,-0.0066,0.0002,-0.0002
-0.3239,0.0077,-0.0694,0.0052,-0.0064,0.0005,-0.0005
-0.2786,-0.0005,-0.0848,-0.0083,-0.0097,-0.0009,-0.0007
-0.3806,-0.0218,-0.0487,-0.0019,-0.0033,-0.0001,-0.0001
-0.3853,-0.0263,-0.0437,0.0009,-0.0049,0.0000,-0.0006
-0.2769,-0.0052,-0.0853,-0.0068,-0.0099,-0.0008,-0.0007
-0.3945,-0.0607,-0.0432,-0.0036,-0.0028,-0.0002,-0.0001
-0.3001,0.0172,-0.0763,0.0066,-0.0089,0.0007,-0.0007
-0.2673,0.0007,-0.0900,-0.0033,-0.0096,-0.0004,-0.0006
-0.3059,0.0046,-0.0776,0.0071,-0.0065,0.0007,-0.0003
-0.3780,0.0169,-0.0505,0.0010,-0.0029,0.0001,-0.0001
-0.2820,0.0074,-0.0828,0.0014,-0.0099,-0.0002,-0.0008
-0.4094,-0.0080,-0.0352,-0.0020,-0.0036,-0.0001,-0.0002
-0.3590,-0.0036,-0.0551,-0.0057,-0.0053,-0.0005,-0.0004
-0.3855,-0.0208,-0.0478,-0.0043,-0.0024,-0.0002,-0.0000
-0.3359,0.0058,-0.0653,0.0039,-0.0056,0.0003,-0.0004
-0.3762,0.0226,-0.0495,0.0020,-0.0041,0.0002,-0.0002
-0.3388,0.0132,-0.0654,0.0053,-0.0047,0.0004,-0.0002
-0.3500,0.0010,-0.0584,-0.0017,-0.0057,-0.0001,-0.0005
-0.3401,0.0320,-0.0622,0.0077,-0.0063,0.0007,-0.0005
-0.3731,-0.0371,-0.0490,-0.0073,-0.0051,-0.0007,-0.0005
-0.3544,-0.0120,-0.0591,-0.0032,-0.0042,-0.0002,-0.0002
-0.3594,0.0700,-0.0544,0.0070,-0.0055,0.0007,-0.0006
-0.3116,-0.0049,-0.0728,-0.0090,-0.0077,-0.0010,-0.0007
-0.2705,-0.0020,-0.0906,0.0068,-0.0085,0.0008,-0.0004
-0.3030,-0.0049,-0.0775,-0.0025,-0.0073,-0.0002,-0.0005
-0.3883,0.0601,-0.0415,0.0044,-0.0054,0.0006,-0.0006
-0.2549,-0.0001,-0.0919,-0.0076,-0.0120,-0.0012,-0.0009
-0.3584,-0.0003,-0.0549,-0.0036,-0.0055,-0.0003,-0.0005
-0.4016,0.0507,-0.0401,0.0046,-0.0027,0.0003,-0.0001
-0.3774,-0.0131,-0.0491,-0.0013,-0.0039,-0.0001,-0.0002
-0.3408,0.0114,-0.0634,0.0018,-0.0054,0.0001,-0.0003
-0.3737,-0.0398,-0.0509,-0.0069,-0.0039,-0.0005,-0.0002
-0.3431,0.0067,-0.0614,0.0052,-0.0059,0.0004,-0.0005
-0.2544,-0.0035,-0.0938,0.0073,-0.0110,0.0010,-0.0007
-0.2763,-0.0010,-0.0861,-0.0058,-0.0095,-0.0007,-0.0007
-0.2839,-0.0027,-0.0839,-0.0079,-0.0088,-0.0009,-0.0005
-0.2835,0.0005,-0.0839,-0.0041,-0.0087,-0.0005,-0.0007
-0.3992,-0.0712,-0.0419,-0.0057,-0.0022,-0.0003,-0.0000
-0.3862,-0.0427,-0.0462,-0.0040,-0.0033,-0.0003,-0.0001
-0.3614,0.0128,-0.0549,-0.0026,-0.0048,-0.0002,-0.0004
-0.2830,0.0026,-0.0836,0.0081,-0.0093,0.0009,-0.0006
-0.2541,0.0023,-0.0949,-0.0054,-0.0105,-0.0007,-0.0006
-0.2566,-0.0017,-0.0926,0.0037,-0.0110,0.0009,-0.0008
-0.2865,0.0015,-0.0845,0.0078,-0.0077,0.0008,-0.0004
-0.3419,-0.0235,-0.0637,-0.0079,-0.0049,-0.0006,-0.0002
-0.3670,-0.0244,-0.0545,-0.0063,-0.0036,-0.0004,-0.0001
-0.3733,0.0650,-0.0497,0.0034,-0.0046,0.0003,-0.0004
-0.2729,0.0005,-0.0899,-0.0005,-0.0082,-0.0001,-0.0004
-0.3796,-0.0022,-0.0476,0.0049,-0.0042,0.0004,-0.0003
-0.3789,-0.0412,-0.0471,-0.0083,-0.0047,-0.0007,-0.0004
-0.4012,0.0698,-0.0380,0.0044,-0.0041,0.0005,-0.0004
-0.4041,0.0364,-0.0363,0.0077,-0.0044,0.0006,-0.0004
-0.3202,0.0082,-0.0705,-0.0002,-0.0067,-0.0001,-0.0005
-0.3420,0.0122,-0.0618,0.0016,-0.0059,0.0001,-0.0005
-0.2687,0.0015,-0.0874,-0.0071,-0.0107,-0.0007,-0.0010
-0.2960,-0.0019,-0.0824,-0.0039,-0.0063,-0.0004,-0.0002
-0.3821,0.0134,-0.0488,0.0019,-0.0028,0.0001,-0.0001
-0.3356,-0.0190,-0.0640,-0.0001,-0.0064,0.0001,-0.0006
-0.3743,0.0249,-0.0488,-0.0032,-0.0049,-0.0003,-0.0004
-0.3367,0.0028,-0.0637,0.0058,-0.0062,0.0006,-0.0005
-0.3116,-0.0004,-0.0742,-0.0008,-0.0069,-0.0001,-0.0004
-0.3985,0.0556,-0.0397,0.0082,-0.0038,0.0006,-0.0003
-0.3240,-0.0037,-0.0690,-0.0052,-0.0066,-0.0005,-0.0005
-0.3167,-0.0183,-0.0718,-0.0042,-0.0070,-0.0003,-0.0004
-0.3571,-0.0349,-0.0573,-0.0074,-0.0046,-0.0006,-0.0002
-0.4098,0.0290,-0.0353,0.0028,-0.0035,0.0002,-0.0002
-0.3094,-0.0057,-0.0739,-0.0014,-0.0075,-0.0000,-0.0007
-0.3743,0.0139,-0.0497,0.0063,-0.0044,0.0005,-0.0003
-0.2511,0.0003,-0.0977,-0.0004,-0.0096,-0.0000,-0.0004
-0.3608,-0.0125,-0.0531,-0.0100,-0.0060,-0.0011,-0.0006
-0.3864,-0.0041,-0.0437,0.0024,-0.0047,0.0001,-0.0004
-0.3395,-0.0197,-0.0640,-0.0066,-0.0054,-0.0006,-0.0003
-0.3298,0.0022,-0.0681,0.0014,-0.0056,0.0001,-0.0003
-0.3243,-0.0108,-0.0706,-0.0095,-0.0056,-0.0008,-0.0002
-0.2591,0.0054,-0.0941,-0.0095,-0.0096,-0.0013,-0.0005
-0.3011,-0.0043,-0.0785,-0.0080,-0.0072,-0.0008,-0.0004
-0.3537,0.0302,-0.0589,0.0036,-0.0046,0.0003,-0.0002
-0.3183,0.0010,-0.0724,-0.0029,-0.0061,-0.0003,-0.0004
-0.4162,0.0718,-0.0300,0.0042,-0.0048,0.0006,-0.0006
-0.3488,-0.0219,-0.0592,0.0007,-0.0057,0.0001,-0.0005
-0.3918,-0.0370,-0.0428,-0.0038,-0.0038,-0.0003,-0.0003
-0.2594,0.0031,-0.0916,-0.0090,-0.0109,-0.0013,-0.0007
-0.2486,0.0014,-0.0957,-0.0029,-0.0114,-0.0006,-0.0008
-0.2833,0.0046,-0.0832,0.0061,-0.0094,0.0007,-0.0007
-0.3926,-0.0542,-0.0430,-0.0062,-0.0035,-0.0004,-0.0002
-0.4035,0.0490,-0.0399,0.0043,-0.0023,0.0002,-0.0001
-0.3881,0.0519,-0.0437,0.0055,-0.0043,0.0005,-0.0003
-0.2920,0.0070,-0.0803,-0.0002,-0.0086,-0.0003,-0.0006
-0.3318,-0.0078,-0.0669,-0.0023,-0.0057,-0.0002,-0.0004
-0.2625,-0.0007,-0.0922,-0.0021,-0.0098,-0.0002,-0.0005
-0.2528,0.0053,-0.0938,-0.0095,-0.0112,-0.0017,-0.0010
-0.2904,0.0023,-0.0828,0.0045,-0.0076,0.0005,-0.0004
-0.3545,0.0049,-0.0565,-0.0003,-0.0056,-0.0001,-0.0006
-0.3414,-0.0194,-0.0643,-0.0071,-0.0047,-0.0005,-0.0002
-0.3024,0.0033,-0.0790,0.0035,-0.0066,0.0003,-0.0003
-0.2594,0.0019,-0.0917,-0.0044,-0.0107,-0.0006,-0.0009
-0.3679,-0.0179,-0.0550,-0.0042,-0.0029,-0.0002,-0.0000
-0.3852,0.0574,-0.0438,0.0042,-0.0050,0.0005,-0.0005
-0.3666,-0.0149,-0.0527,-0.0020,-0.0047,-0.0002,-0.0004
-0.3219,0.0055,-0.0729,0.0028,-0.0049,0.0002,-0.0002
-0.3582,-0.0065,-0.0588,-0.0016,-0.0033,-0.0001,-0.0001
-0.3715,0.0214,-0.0492,-0.0032,-0.0054,-0.0003,-0.0005
-0.3452,0.0315,-0.0617,0.0075,-0.0052,0.0006,-0.0003
-0.2722,-0.0005,-0.0872,-0.0055,-0.0100,-0.0009,-0.0008
-0.3860,-0.0048,-0.0481,-0.0010,-0.0021,-0.0000,0.0000
-0.2864,0.0006,-0.0858,0.0030,-0.0070,0.0003,-0.0002
-0.2623,-0.0023,-0.0908,0.0034,-0.0104,0.0009,-0.0009
-0.2995,0.0035,-0.0804,0.0037,-0.0065,0.0003,-0.0003
-0.3039,-0.0037,-0.0773,-0.0013,-0.0071,-0.0001,-0.0004
-0.3951,-0.0011,-0.0391,0.0054,-0.0051,0.0005,-0.0006
-0.2679,0.0008,-0.0910,-0.0042,-0.0090,-0.0005,-0.0004
-0.3939,-0.0286,-0.0432,-0.0033,-0.0030,-0.0002,-0.0001
-0.2682,0.0024,-0.0898,-0.0079,-0.0096,-0.0010,-0.0006
-0.3332,-0.0006,-0.0655,-0.0050,-0.0061,-0.0006,-0.0005
-0.3557,0.0054,-0.0602,0.0018,-0.0031,0.0001,-0.0000
-0.3680,0.0124,-0.0521,0.0021,-0.0047,0.0001,-0.0004
-0.3879,-0.0323,-0.0444,-0.0035,-0.0038,-0.0003,-0.0003
-0.2533,-0.0020,-0.0929,0.0056,-0.0118,0.0007,-0.0009
-0.3278,-0.0060,-0.0704,-0.0011,-0.0047,-0.0001,-0.0002
-0.3810,0.0467,-0.0488,0.0073,-0.0031,0.0004,-0.0001
-0.3452,-0.0263,-0.0609,-0.0060,-0.0057,-0.0005,-0.0004
-0.3242,0.0069,-0.0722,0.0050,-0.0046,0.0004,-0.0001
-0.3382,0.0092,-0.0655,0.0054,-0.0048,0.0004,-0.0002
-0.2592,0.0022,-0.0916,-0.0066,-0.0109,-0.0012,-0.0009
-0.3447,0.0074,-0.0614,-0.0017,-0.0055,-0.0002,-0.0004
-0.3588,-0.0270,-0.0561,-0.0067,-0.0048,-0.0005,-0.0003
-0.2968,0.0028,-0.0786,-0.0047,-0.0082,-0.0008,-0.0007
-0.2826,0.0002,-0.0862,-0.0087,-0.0077,-0.0010,-0.0004
-0.3581,-0.0273,-0.0574,-0.0039,-0.0042,-0.0003,-0.0002
-0.3242,0.0060,-0.0674,0.0102,-0.0073,0.0011,-0.0008
-0.2675,0.0004,-0.0909,-0.0001,-0.0091,-0.0001,-0.0005
-0.3590,-0.0570,-0.0542,-0.0045,-0.0058,-0.0005,-0.0006
-0.2894,0.0012,-0.0814,-0.0004,-0.0085,-0.0001,-0.0007
-0.3660,-0.0002,-0.0555,-0.0007,-0.0032,-0.0000,-0.0001
-0.3537,-0.0098,-0.0598,-0.0040,-0.0040,-0.0003,-0.0002
-0.2466,0.0016,-0.0985,-0.0019,-0.0104,-0.0002,-0.0005
-0.3090,-0.0164,-0.0746,-0.0064,-0.0075,-0.0006,-0.0004
-0.3536,-0.0297,-0.0594,-0.0063,-0.0043,-0.0005,-0.0002
-0.2577,-0.0009,-0.0932,0.0015,-0.0104,0.0003,-0.0007
-0.4110,0.0554,-0.0373,0.0044,-0.0018,0.0002,-0.0000
-0.3159,-0.0315,-0.0704,-0.0061,-0.0081,-0.0006,-0.0006
-0.2732,-0.0016,-0.0885,0.0071,-0.0090,0.0009,-0.0005
-0.3033,-0.0052,-0.0750,-0.0086,-0.0086,-0.0010,-0.0008
-0.2617,-0.0014,-0.0907,0.0010,-0.0107,0.0005,-0.0009
-0.3829,0.0050,-0.0479,0.0033,-0.0031,0.0002,-0.0001
-0.3798,-0.0450,-0.0482,-0.0044,-0.0038,-0.0003,-0.0002
-0.3320,-0.0102,-0.0675,-0.0081,-0.0053,-0.0007,-0.0003
-0.3701,-0.0128,-0.0517,-0.0061,-0.0044,-0.0004,-0.0003
-0.3207,0.0118,-0.0696,0.0080,-0.0071,0.0009,-0.0006
-0.2632,-0.0030,-0.0906,0.0055,-0.0102,0.0010,-0.0009
-0.3055,0.0004,-0.0791,0.0004,-0.0056,0.0000,-0.0002
-0.3657,0.0424,-0.0530,0.0029,-0.0048,0.0003,-0.0003
-0.3930,-0.0422,-0.0429,-0.0048,-0.0034,-0.0003,-0.0002
-0.2960,0.0017,-0.0822,0.0015,-0.0064,0.0001,-0.0002
-0.3707,0.0011,-0.0497,-0.0055,-0.0053,-0.0006,-0.0006
-0.2627,-0.0027,-0.0911,0.0067,-0.0102,0.0011,-0.0008
-0.2588,0.0034,-0.0924,-0.0073,-0.0106,-0.0010,-0.0007
-0.3415,-0.0158,-0.0610,-0.0088,-0.0065,-0.0009,-0.0006
-0.3366,-0.0141,-0.0632,-0.0065,-0.0066,-0.0006,-0.0006
-0.2839,-0.0034,-0.0844,0.0007,-0.0085,0.0002,-0.0005
-0.3999,0.0376,-0.0410,0.0051,-0.0027,0.0002,-0.0001
-0.2999,0.0044,-0.0784,-0.0007,-0.0076,-0.0002,-0.0005
-0.4217,0.0334,-0.0330,0.0029,-0.0014,0.0001,0.0000
-0.2641,0.0045,-0.0906,-0.0099,-0.0102,-0.0013,-0.0007
-0.4052,0.0628,-0.0395,0.0056,-0.0021,0.0002,-0.0000
-0.3706,0.0516,-0.0500,0.0036,-0.0051,0.0004,-0.0006
-0.3488,-0.0160,-0.0578,-0.0096,-0.0064,-0.0009,-0.0007
-0.3881,-0.0670,-0.0421,-0.0032,-0.0052,-0.0004,-0.0005
-0.4080,0.0613,-0.0353,0.0059,-0.0039,0.0005,-0.0003
-0.3564,0.0165,-0.0592,0.0028,-0.0036,0.0002,-0.0001
-0.3831,0.0409,-0.0483,0.0073,-0.0028,0.0004,-0.0001
-0.3158,0.0023,-0.0718,-0.0045,-0.0071,-0.0006,-0.0006
-0.4166,-0.0301,-0.0334,-0.0015,-0.0027,-0.0001,-0.0001
-0.4074,0.0168,-0.0350,0.0048,-0.0042,0.0004,-0.0004
-0.2735,-0.0008,-0.0895,0.0048,-0.0083,0.0006,-0.0004
-0.3391,-0.0133,-0.0636,-0.0056,-0.0057,-0.0005,-0.0004
-0.3410,0.0126,-0.0636,0.0025,-0.0052,0.0002,-0.0003
-0.3315,-0.0058,-0.0686,-0.0052,-0.0048,-0.0004,-0.0002
-0.2683,-0.0001,-0.0920,0.0004,-0.0082,0.0000,-0.0003
-0.3904,-0.0382,-0.0446,-0.0010,-0.0031,-0.0001,-0.0001
-0.2872,-0.0002,-0.0817,-0.0019,-0.0090,-0.0001,-0.0008
-0.3507,0.0035,-0.0578,0.0021,-0.0060,0.0002,-0.0006
-0.2634,-0.0022,-0.0934,0.0055,-0.0088,0.0007,-0.0004
-0.2487,0.0022,-0.0950,-0.0039,-0.0115,-0.0011,-0.0010
-0.3165,-0.0012,-0.0733,0.0010,-0.0061,0.0001,-0.0003
-0.2772,-0.0024,-0.0860,0.0057,-0.0092,0.0009,-0.0008
-0.2854,-0.0023,-0.0826,0.0086,-0.0089,0.0012,-0.0008
-0.2714,-0.0032,-0.0872,-0.0026,-0.0102,-0.0002,-0.0008
-0.2805,-0.0004,-0.0884,0.0031,-0.0070,0.0003,-0.0002
-0.3053,-0.0119,-0.0750,-0.0022,-0.0082,-0.0000,-0.0007
-0.3731,-0.0056,-0.0490,-0.0012,-0.0050,-0.0001,-0.0006
-0.3099,-0.0006,-0.0742,-0.0042,-0.0073,-0.0005,-0.0006
-0.2992,0.0031,-0.0806,0.0046,-0.0065,0.0004,-0.0003
-0.3762,0.0198,-0.0472,0.0059,-0.0053,0.0005,-0.0006
-0.2998,-0.0022,-0.0787,0.0039,-0.0074,0.0006,-0.0005
-0.3988,0.0369,-0.0421,0.0044,-0.0022,0.0002,-0.0000
-0.2686,0.0021,-0.0889,-0.0074,-0.0100,-0.0009,-0.0007
-0.2974,-0.0072,-0.0794,-0.0025,-0.0078,-0.0002,-0.0005
-0.3082,0.0038,-0.0740,0.0091,-0.0079,0.0009,-0.0007
-0.3740,0.0365,-0.0515,0.0031,-0.0034,0.0002,-0.0001
-0.4153,0.0290,-0.0351,0.0028,-0.0020,0.0001,-0.0000
-0.3891,-0.0018,-0.0425,-0.0028,-0.0046,-0.0002,-0.0005
-0.2852,-0.0046,-0.0830,-0.0041,-0.0089,-0.0005,-0.0006
-0.3646,-0.0191,-0.0530,-0.0034,-0.0050,-0.0003,-0.0005
-0.2719,0.0029,-0.0882,-0.0098,-0.0094,-0.0013,-0.0007
-0.2646,-0.0009,-0.0937,0.0020,-0.0082,0.0002,-0.0003
-0.2562,-0.0031,-0.0919,0.0082,-0.0114,0.0018,-0.0010
-0.2727,0.0022,-0.0875,0.0052,-0.0097,0.0006,-0.0006
-0.3720,0.0049,-0.0527,0.0001,-0.0032,0.0000,-0.0001
-0.3166,-0.0009,-0.0719,-0.0030,-0.0068,-0.0004,-0.0005
-0.3769,-0.0310,-0.0489,-0.0078,-0.0042,-0.0005,-0.0003
-0.3488,0.0405,-0.0589,0.0082,-0.0058,0.0008,-0.0005
-0.4073,0.0192,-0.0366,0.0019,-0.0033,0.0001,-0.0002
-0.2508,-0.0001,-0.0961,-0.0001,-0.0107,0.0001,-0.0006
-0.2734,0.0015,-0.0898,-0.0067,-0.0082,-0.0008,-0.0004
-0.3782,0.0407,-0.0476,0.0071,-0.0047,0.0006,-0.0003
-0.3503,-0.0130,-0.0611,-0.0052,-0.0041,-0.0003,-0.0002
-0.3252,0.0114,-0.0690,0.0029,-0.0063,0.0002,-0.0004
-0.2805,0.0010,-0.0847,-0.0083,-0.0091,-0.0013,-0.0007
-0.3411,-0.0398,-0.0613,-0.0033,-0.0065,-0.0003,-0.0006
-0.3585,-0.0376,-0.0564,-0.0076,-0.0048,-0.0006,-0.0003
-0.2838,-0.0032,-0.0829,-0.0061,-0.0093,-0.0010,-0.0007
-0.3685,0.0022,-0.0549,0.0001,-0.0028,-0.0000,-0.0001
-0.4046,-0.0460,-0.0400,-0.0045,-0.0019,-0.0002,-0.0000
-0.3187,0.0136,-0.0718,0.0086,-0.0065,0.0008,-0.0004
-0.2681,0.0027,-0.0870,0.0078,-0.0111,0.0014,-0.0010
-0.4044,0.0199,-0.0379,0.0024,-0.0034,0.0002,-0.0002
-0.3519,0.0221,-0.0590,0.0005,-0.0050,-0.0000,-0.0003
-0.3853,-0.0100,-0.0472,-0.0014,-0.0029,-0.0001,-0.0001
-0.2986,-0.0023,-0.0794,-0.0064,-0.0074,-0.0007,-0.0004
-0.2749,-0.0001,-0.0890,-0.0007,-0.0082,-0.0000,-0.0004
-0.2660,-0.0024,-0.0923,0.0065,-0.0087,0.0008,-0.0004
-0.2619,0.0010,-0.0911,-0.0089,-0.0106,-0.0014,-0.0007
-0.2845,0.0005,-0.0840,0.0001,-0.0085,0.0000,-0.0005
-0.2708,0.0027,-0.0879,0.0025,-0.0100,0.0002,-0.0007
-0.3904,0.0159,-0.0444,0.0000,-0.0032,0.0000,-0.0002
-0.2683,0.0017,-0.0895,-0.0026,-0.0096,-0.0005,-0.0007
-0.3767,0.0185,-0.0471,0.0055,-0.0053,0.0004,-0.0006
-0.3865,0.0411,-0.0422,0.0057,-0.0055,0.0006,-0.0007
-0.2930,0.0003,-0.0801,-0.0077,-0.0084,-0.0011,-0.0007
-0.2857,0.0004,-0.0838,-0.0020,-0.0083,-0.0003,-0.0005
-0.3792,-0.0065,-0.0494,0.0005,-0.0033,0.0000,-0.0001
-0.3364,0.0038,-0.0640,-0.0016,-0.0061,-0.0002,-0.0005
-0.3342,-0.0009,-0.0671,0.0018,-0.0049,0.0001,-0.0002
-0.3195,-0.0252,-0.0684,-0.0043,-0.0082,-0.0003,-0.0007
-0.3720,-0.0375,-0.0505,-0.0037,-0.0046,-0.0003,-0.0003
-0.4219,0.0192,-0.0290,0.0023,-0.0040,0.0002,-0.0003
-0.3522,-0.0140,-0.0581,0.0032,-0.0054,0.0004,-0.0004
-0.3032,0.0006,-0.0795,0.0033,-0.0061,0.0003,-0.0002
-0.3110,-0.0104,-0.0744,-0.0071,-0.0070,-0.0007,-0.0004
-0.3393,0.0064,-0.0618,0.0049,-0.0067,0.0005,-0.0007
-0.3421,-0.0004,-0.0656,0.0003,-0.0036,0.0000,-0.0001
-0.4037,0.0395,-0.0367,-0.0005,-0.0042,0.0001,-0.0004
-0.3029,0.0068,-0.0783,0.0075,-0.0069,0.0007,-0.0003
-0.2736,0.0007,-0.0898,-0.0047,-0.0081,-0.0005,-0.0003
-0.3207,0.0170,-0.0688,0.0068,-0.0076,0.0007,-0.0007
-0.3024,0.0236,-0.0744,0.0042,-0.0093,0.0002,-0.0008
-0.2512,-0.0016,-0.0975,0.0025,-0.0097,0.0003,-0.0004
-0.4054,0.0142,-0.0377,0.0040,-0.0032,0.0002,-0.0002
-0.4113,0.0782,-0.0321,0.0038,-0.0048,0.0006,-0.0006
-0.3208,0.0122,-0.0722,0.0084,-0.0056,0.0007,-0.0002
-0.3920,-0.0642,-0.0421,-0.0054,-0.0041,-0.0005,-0.0004
-0.3598,-0.0198,-0.0575,-0.0065,-0.0037,-0.0004,-0.0001
-0.2525,-0.0005,-0.0968,0.0010,-0.0098,0.0002,-0.0005
-0.3313,0.0101,-0.0678,0.0055,-0.0054,0.0004,-0.0003
-0.2950,-0.0014,-0.0798,0.0055,-0.0080,0.0008,-0.0006
-0.3992,0.0218,-0.0393,0.0049,-0.0039,0.0003,-0.0003
-0.3030,0.0131,-0.0750,0.0068,-0.0087,0.0007,-0.0008
-0.3278,-0.0206,-0.0673,-0.0048,-0.0066,-0.0004,-0.0004
-0.3379,-0.0187,-0.0639,-0.0091,-0.0059,-0.0008,-0.0004
-0.3506,0.0123,-0.0607,0.0036,-0.0043,0.0003,-0.0002
-0.3698,0.0467,-0.0501,0.0067,-0.0053,0.0006,-0.0006
-0.3898,0.0450,-0.0442,0.0038,-0.0035,0.0003,-0.0002
-0.3149,-0.0004,-0.0715,0.0080,-0.0075,0.0011,-0.0007
-0.3203,0.0034,-0.0708,0.0027,-0.0065,0.0003,-0.0005
-0.3206,-0.0005,-0.0722,-0.0019,-0.0056,-0.0002,-0.0003
-0.3855,-0.0074,-0.0439,0.0024,-0.0047,0.0003,-0.0005
-0.2513,-0.0044,-0.0941,0.0077,-0.0115,0.0012,-0.0010
-0.2568,0.0012,-0.0907,-0.0086,-0.0120,-0.0013,-0.0011
-0.2718,-0.0082,-0.0851,-0.0056,-0.0114,-0.0005,-0.0009
-0.3579,0.0055,-0.0547,0.0056,-0.0058,0.0005,-0.0006
-0.2738,0.0019,-0.0868,-0.0059,-0.0097,-0.0011,-0.0008
-0.2652,-0.0003,-0.0909,-0.0019,-0.0098,-0.0002,-0.0006
-0.2552,-0.0002,-0.0925,0.0035,-0.0115,0.0006,-0.0009
-0.3724,0.0043,-0.0517,-0.0017,-0.0037,-0.0001,-0.0002
-0.3354,-0.0169,-0.0648,-0.0002,-0.0060,0.0000,-0.0004
-0.2885,-0.0007,-0.0839,0.0044,-0.0075,0.0005,-0.0004
-0.2899,-0.0119,-0.0790,-0.0066,-0.0100,-0.0007,-0.0009
-0.2575,0.0023,-0.0921,-0.0076,-0.0112,-0.0011,-0.0008
-0.3177,0.0097,-0.0702,0.0087,-0.0076,0.0008,-0.0006
-0.2607,-0.0009,-0.0912,0.0039,-0.0107,0.0005,-0.0008
-0.4048,0.0641,-0.0386,0.0043,-0.0028,0.0003,-0.0001
-0.3483,-0.0218,-0.0608,-0.0026,-0.0049,-0.0002,-0.0003
-0.3917,-0.0434,-0.0449,-0.0047,-0.0025,-0.0002,-0.0000
-0.4055,0.0449,-0.0386,0.0053,-0.0026,0.0003,-0.0001
-0.2520,0.0036,-0.0942,-0.0073,-0.0113,-0.0012,-0.0009
-0.2955,0.0076,-0.0785,0.0058,-0.0087,0.0008,-0.0007
-0.2740,-0.0008,-0.0896,0.0048,-0.0081,0.0005,-0.0004
-0.2616,0.0010,-0.0910,-0.0033,-0.0106,-0.0007,-0.0008
-0.3629,-0.0190,-0.0561,-0.0029,-0.0037,-0.0002,-0.0002
-0.3122,0.0061,-0.0727,0.0074,-0.0075,0.0008,-0.0007
-0.3928,0.0717,-0.0430,0.0061,-0.0034,0.0004,-0.0002
-0.4109,0.0374,-0.0372,0.0027,-0.0018,0.0001,-0.0000
-0.3121,-0.0023,-0.0738,-0.0014,-0.0070,-0.0001,-0.0005
-0.3182,0.0110,-0.0721,0.0061,-0.0064,0.0006,-0.0004
-0.3317,-0.0221,-0.0672,-0.0076,-0.0056,-0.0007,-0.0003
-0.3227,0.0071,-0.0726,0.0060,-0.0048,0.0004,-0.0001
-0.2593,-0.0000,-0.0914,0.0032,-0.0110,0.0005,-0.0008
-0.2952,0.0009,-0.0796,0.0069,-0.0081,0.0008,-0.0006
-0.2778,-0.0008,-0.0862,0.0065,-0.0090,0.0007,-0.0006
-0.3895,-0.0471,-0.0425,-0.0058,-0.0046,-0.0005,-0.0004
-0.3536,0.0153,-0.0570,0.0016,-0.0056,0.0002,-0.0005
-0.2655,0.0036,-0.0924,-0.0078,-0.0088,-0.0009,-0.0004
-0.3198,-0.0103,-0.0714,-0.0099,-0.0063,-0.0010,-0.0004
-0.3622,0.0092,-0.0559,0.0011,-0.0040,0.0001,-0.0002
-0.2619,-0.0018,-0.0933,0.0050,-0.0092,0.0007,-0.0004
-0.3780,0.0116,-0.0502,0.0010,-0.0031,0.0001,-0.0001
-0.2882,-0.0019,-0.0829,-0.0086,-0.0082,-0.0010,-0.0005
-0.3290,0.0074,-0.0671,0.0003,-0.0063,-0.0000,-0.0005
-0.3718,0.0401,-0.0492,0.0046,-0.0054,0.0005,-0.0005
-0.2608,-0.0013,-0.0945,0.0029,-0.0088,0.0004,-0.0004
-0.2727,0.0001,-0.0908,-0.0010,-0.0077,-0.0001,-0.0003
-0.3748,-0.0622,-0.0507,-0.0047,-0.0037,-0.0004,-0.0002
-0.3154,0.0050,-0.0747,0.0017,-0.0056,0.0001,-0.0002
-0.3230,-0.0080,-0.0701,-0.0030,-0.0062,-0.0003,-0.0004
-0.2475,0.0021,-0.0954,-0.0045,-0.0119,-0.0008,-0.0009
-0.3664,-0.0292,-0.0534,-0.0048,-0.0044,-0.0003,-0.0003
-0.3811,0.0138,-0.0472,0.0036,-0.0041,0.0003,-0.0003
-0.2645,-0.0027,-0.0910,0.0090,-0.0099,0.0012,-0.0006
-0.3458,0.0381,-0.0600,0.0033,-0.0060,0.0003,-0.0005
-0.4072,0.0189,-0.0350,-0.0012,-0.0043,-0.0000,-0.0004
-0.2483,-0.0005,-0.0965,0.0012,-0.0110,0.0003,-0.0007
-0.3567,-0.0443,-0.0565,-0.0058,-0.0052,-0.0005,-0.0003
-0.3499,-0.0057,-0.0593,-0.0050,-0.0053,-0.0004,-0.0004
-0.2634,-0.0015,-0.0903,0.0011,-0.0105,0.0003,-0.0008
-0.3470,-0.0223,-0.0597,-0.0045,-0.0059,-0.0004,-0.0005
-0.2791,-0.0008,-0.0861,0.0081,-0.0088,0.0010,-0.0006
-0.2732,0.0012,-0.0886,-0.0015,-0.0088,-0.0003,-0.0005
-0.3459,0.0083,-0.0639,0.0031,-0.0036,0.0002,-0.0001
-0.3991,0.0566,-0.0373,0.0018,-0.0050,0.0003,-0.0006
-0.2525,0.0029,-0.0951,-0.0072,-0.0108,-0.0011,-0.0006
-0.3140,0.0155,-0.0713,0.0067,-0.0080,0.0007,-0.0007
-0.3052,-0.0037,-0.0756,-0.0007,-0.0077,0.0001,-0.0007
-0.2529,-0.0046,-0.0939,0.0073,-0.0110,0.0014,-0.0010
-0.3351,0.0025,-0.0651,-0.0026,-0.0059,-0.0003,-0.0004
-0.3832,0.0447,-0.0458,0.0077,-0.0044,0.0006,-0.0004
-0.3882,0.0248,-0.0445,0.0026,-0.0038,0.0002,-0.0002
-0.3388,-0.0238,-0.0627,-0.0057,-0.0064,-0.0005,-0.0005
-0.2530,-0.0024,-0.0937,0.0048,-0.0114,0.0006,-0.0008
-0.2940,-0.0038,-0.0794,-0.0043,-0.0085,-0.0006,-0.0007
-0.3085,-0.0031,-0.0764,-0.0039,-0.0064,-0.0004,-0.0004
-0.2515,-0.0031,-0.0958,0.0068,-0.0106,0.0011,-0.0006
-0.2647,0.0007,-0.0916,-0.0044,-0.0095,-0.0006,-0.0005
-0.3307,-0.0188,-0.0665,-0.0068,-0.0063,-0.0006,-0.0004
-0.2580,0.0023,-0.0949,-0.0044,-0.0094,-0.0006,-0.0004
-0.3853,-0.0074,-0.0484,-0.0014,-0.0021,-0.0001,0.0000
-0.3956,-0.0593,-0.0427,-0.0046,-0.0028,-0.0003,-0.0001
-0.4056,-0.0650,-0.0393,-0.0062,-0.0021,-0.0002,-0.0000
-0.3427,-0.0005,-0.0608,0.0034,-0.0062,0.0004,-0.0007
-0.3143,0.0103,-0.0723,0.0083,-0.0073,0.0010,-0.0006
-0.3975,-0.0299,-0.0390,-0.0019,-0.0044,-0.0002,-0.0005
-0.2706,0.0033,-0.0872,-0.0023,-0.0103,-0.0007,-0.0009
-0.2844,-0.0012,-0.0837,-0.0086,-0.0087,-0.0011,-0.0006
-0.4223,0.0222,-0.0278,0.0017,-0.0045,0.0002,-0.0005
-0.3269,-0.0093,-0.0706,-0.0036,-0.0049,-0.0003,-0.0002
-0.4001,-0.0628,-0.0414,-0.0059,-0.0023,-0.0003,-0.0000
-0.2635,-0.0000,-0.0899,-0.0062,-0.0108,-0.0008,-0.0008
-0.3772,-0.0209,-0.0474,0.0019,-0.0050,0.0002,-0.0005
-0.3454,0.0109,-0.0624,0.0022,-0.0047,0.0002,-0.0002
-0.4120,0.0478,-0.0366,0.0034,-0.0020,0.0002,-0.0000
-0.3451,0.0019,-0.0601,-0.0047,-0.0060,-0.0005,-0.0006
-0.3603,-0.0268,-0.0560,-0.0071,-0.0045,-0.0005,-0.0002
-0.2788,0.0011,-0.0853,0.0029,-0.0093,0.0004,-0.0007
-0.3091,0.0021,-0.0743,0.0007,-0.0075,0.0000,-0.0006
-0.3424,-0.0126,-0.0623,-0.0013,-0.0055,-0.0001,-0.0004
-0.4214,-0.0152,-0.0320,-0.0020,-0.0022,-0.0001,-0.0001
-0.3301,-0.0059,-0.0694,-0.0012,-0.0046,-0.0001,-0.0002
-0.3288,-0.0087,-0.0673,-0.0090,-0.0063,-0.0009,-0.0005
-0.2773,0.0011,-0.0851,-0.0069,-0.0096,-0.0009,-0.0009
-0.3646,-0.0276,-0.0559,-0.0075,-0.0033,-0.0004,-0.0001
-0.3978,0.0117,-0.0430,0.0011,-0.0019,0.0000,-0.0000
-0.2571,-0.0025,-0.0922,0.0086,-0.0112,0.0013,-0.0008
-0.3115,0.0128,-0.0747,0.0087,-0.0067,0.0008,-0.0003
-0.3981,-0.0203,-0.0424,-0.0021,-0.0023,-0.0001,-0.0000
-0.2615,0.0012,-0.0935,-0.0031,-0.0093,-0.0004,-0.0005
-0.2901,-0.0000,-0.0838,0.0001,-0.0071,0.0000,-0.0003
-0.3567,-0.0138,-0.0586,-0.0023,-0.0039,-0.0002,-0.0001
-0.3607,-0.0334,-0.0559,-0.0076,-0.0045,-0.0006,-0.0002
-0.3621,0.0191,-0.0541,0.0020,-0.0051,0.0002,-0.0004
-0.3401,0.0363,-0.0626,0.0014,-0.0060,0.0000,-0.0004
-0.3133,-0.0091,-0.0739,-0.0057,-0.0067,-0.0005,-0.0004
-0.4151,-0.0721,-0.0307,-0.0034,-0.0047,-0.0005,-0.0005
-0.3590,-0.0007,-0.0590,-0.0006,-0.0029,-0.0000,-0.0000
-0.3658,-0.0403,-0.0524,-0.0055,-0.0052,-0.0005,-0.0004
-0.3584,0.0203,-0.0566,0.0050,-0.0046,0.0004,-0.0003
-0.3755,-0.0344,-0.0518,-0.0063,-0.0028,-0.0003,-0.0000
-0.2648,-0.0013,-0.0909,0.0030,-0.0098,0.0004,-0.0007
-0.3588,0.0010,-0.0585,-0.0003,-0.0033,-0.0000,-0.0001
-0.3249,0.0107,-0.0709,0.0086,-0.0052,0.0007,-0.0002
-0.3210,0.0155,-0.0695,0.0070,-0.0071,0.0007,-0.0005
-0.2688,0.0018,-0.0908,-0.0060,-0.0089,-0.0007,-0.0004
-0.2647,-0.0015,-0.0893,0.0097,-0.0107,0.0018,-0.0009
-0.3356,-0.0035,-0.0652,-0.0054,-0.0057,-0.0005,-0.0004
-0.3894,-0.0204,-0.0452,-0.0028,-0.0030,-0.0002,-0.0001
